,nOfCon,nOfM,Dc,sAEC,infScore,confidence_int_95
0,1,2,20,1500,0.2998,0.012699830851912949
1,1,2,20,5000,0.153,0.00997834440776625
2,1,2,20,15000,0.1218,0.00906549305902332
3,1,2,20,50000,0.1294,0.009303525209553635
4,1,2,20,150000,0.166,0.010313549053550869
5,1,2,20,500000,0.164,0.010263515249659835
6,1,2,60,1500,0.526,0.013840542463357424
7,1,2,60,5000,0.278,0.012418297673997028
8,1,2,60,15000,0.1474,0.00982635556840887
9,1,2,60,50000,0.112,0.008741512107181456
10,1,2,60,150000,0.1396,0.009606473281532614
11,1,2,60,500000,0.2036,0.011161577566491217
12,1,2,200,1500,0.7732,0.011607495313081114
13,1,2,200,5000,0.5382,0.013818785645750497
14,1,2,200,15000,0.3206,0.012936464452268247
15,1,2,200,50000,0.183,0.010717849202148721
16,1,2,200,150000,0.1512,0.00993000918525255
17,1,2,200,500000,0.1744,0.010517902766464426
18,1,2,600,1500,0.849,0.00992460859077072
19,1,2,600,5000,0.7532,0.011950850195831256
20,1,2,600,15000,0.5552,0.013774574339238217
21,1,2,600,50000,0.3274,0.013007350355733483
22,1,2,600,150000,0.1964,0.011011887729758238
23,1,2,600,500000,0.1748,0.010527406502420242
24,1,2,2000,1500,0.8718,0.00926666608890166
25,1,2,2000,5000,0.8448,0.010036767877519137
26,1,2,2000,15000,0.7594,0.011848249121486262
27,1,2,2000,50000,0.548,0.013795281465776622
28,1,2,2000,150000,0.3312,0.013045609229898005
29,1,2,2000,500000,0.206,0.01121024051838318
30,1,2,6000,1500,0.8776,0.009084689436452959
31,1,2,6000,5000,0.872,0.009260497023378389
32,1,2,6000,15000,0.8444,0.010047314063211122
33,1,2,6000,50000,0.7474,0.012043820911853515
34,1,2,6000,150000,0.5512,0.013786438815705815
35,1,2,6000,500000,0.3182,0.012910696003051112
36,1,4,20,1500,0.1108,0.008700429182241528
37,1,4,20,5000,0.0328,0.004937034191820024
38,1,4,20,15000,0.0168,0.0035624325064764384
39,1,4,20,50000,0.0216,0.004029546453485802
40,1,4,20,150000,0.0342,0.005037646890682196
41,1,4,20,500000,0.0332,0.004966019629763862
42,1,4,60,1500,0.2978,0.012675462900075879
43,1,4,60,5000,0.089,0.007892693917795115
44,1,4,60,15000,0.0242,0.00425950526178804
45,1,4,60,50000,0.0192,0.0038037495337101255
46,1,4,60,150000,0.0254,0.004361151071540632
47,1,4,60,500000,0.0472,0.005878180838592838
48,1,4,200,1500,0.6104,0.013517233182452687
49,1,4,200,5000,0.3028,0.012735842915614186
50,1,4,200,15000,0.1154,0.00885620051877779
51,1,4,200,50000,0.0408,0.005483473333134757
52,1,4,200,150000,0.0252,0.0043443929457635385
53,1,4,200,500000,0.0392,0.005379359883406203
54,1,4,600,1500,0.7378,0.012191488639669889
55,1,4,600,5000,0.5722,0.013714039185127043
56,1,4,600,15000,0.3144,0.012869087161286928
57,1,4,600,50000,0.1118,0.00873468716802153
58,1,4,600,150000,0.0486,0.005960336474797375
59,1,4,600,500000,0.0382,0.005313065096834406
60,1,4,2000,1500,0.783,0.011425673700924597
61,1,4,2000,5000,0.7238,0.012393449334999517
62,1,4,2000,15000,0.6008,0.01357473303881885
63,1,4,2000,50000,0.3116,0.01283778873719302
64,1,4,2000,150000,0.1306,0.0093401204213222
65,1,4,2000,500000,0.0486,0.005960336474797375
66,1,4,6000,1500,0.7926,0.011238348081315155
67,1,4,6000,5000,0.7788,0.0115047345323219
68,1,4,6000,15000,0.723,0.012404523961845533
69,1,4,6000,50000,0.5656,0.013739492073755856
70,1,4,6000,150000,0.303,0.012738220798840003
71,1,4,6000,500000,0.118,0.008942240900356018
72,1,6,20,1500,0.041,0.0054963236877025356
73,1,6,20,5000,0.0052,0.0019936119550203347
74,1,6,20,15000,0.0026,0.0014115375151939815
75,1,6,20,50000,0.0044,0.0018345935039675684
76,1,6,20,150000,0.0058,0.002104853846517615
77,1,6,20,500000,0.0088,0.0025887675251362375
78,1,6,60,1500,0.1632,0.01024334929225788
79,1,6,60,5000,0.028,0.004572810636796586
80,1,6,60,15000,0.0064,0.0022103795178204126
81,1,6,60,50000,0.0026,0.0014115375151939815
82,1,6,60,150000,0.0034,0.0016135074281824673
83,1,6,60,500000,0.0114,0.0029426173949054267
84,1,6,200,1500,0.4638,0.013822921642662958
85,1,6,200,5000,0.1616,0.010202753219636354
86,1,6,200,15000,0.0424,0.0055852943554301595
87,1,6,200,50000,0.0102,0.002785126206691539
88,1,6,200,150000,0.005,0.00195509385963948
89,1,6,200,500000,0.0062,0.002175787163120511
90,1,6,600,1500,0.6242,0.013424908650534646
91,1,6,600,5000,0.4302,0.013723582412300369
92,1,6,600,15000,0.1864,0.01079442450215851
93,1,6,600,50000,0.043,0.00562291172970019
94,1,6,600,150000,0.0112,0.0029169857625980966
95,1,6,600,500000,0.0062,0.002175787163120511
96,1,6,2000,1500,0.6838,0.01288892065687426
97,1,6,2000,5000,0.6036,0.013558526917508407
98,1,6,2000,15000,0.4586,0.013811702655820535
99,1,6,2000,50000,0.186,0.010785486603765266
100,1,6,2000,150000,0.0512,0.0061093272313078794
101,1,6,2000,500000,0.0136,0.0032104584614662123
102,1,6,6000,1500,0.699,0.012714313181607569
103,1,6,6000,5000,0.6714,0.01301953631174321
104,1,6,6000,15000,0.624,0.013426329047062716
105,1,6,6000,50000,0.4322,0.01373128383987455
106,1,6,6000,150000,0.1752,0.010536889999767483
107,1,6,6000,500000,0.0446,0.005721779494947354
108,1,8,20,1500,0.016,0.003477992248409993
109,1,8,20,5000,0.0008,0.0007836863372548995
110,1,8,20,15000,0.0004,0.0005542608310173108
111,1,8,20,50000,0.0014,0.0010364082655015833
112,1,8,20,150000,0.0016,0.0011078560830721652
113,1,8,20,500000,0.002,0.001238372609516215
114,1,8,60,1500,0.0898,0.007924605528807097
115,1,8,60,5000,0.0104,0.0028120146708009897
116,1,8,60,15000,0.002,0.001238372609516215
117,1,8,60,50000,0.0004,0.0005542608310173108
118,1,8,60,150000,0.0014,0.0010364082655015833
119,1,8,60,500000,0.0032,0.0015654891897422991
120,1,8,200,1500,0.371,0.013390085394798645
121,1,8,200,5000,0.094,0.008089079334510202
122,1,8,200,15000,0.0158,0.00345653766002918
123,1,8,200,50000,0.0022,0.001298686001772561
124,1,8,200,150000,0.0004,0.0005542608310173108
125,1,8,200,500000,0.0022,0.001298686001772561
126,1,8,600,1500,0.5232,0.01384436562082929
127,1,8,600,5000,0.3304,0.013037634777397318
128,1,8,600,15000,0.1016,0.008374382526538895
129,1,8,600,50000,0.0168,0.0035624325064764384
130,1,8,600,150000,0.0054,0.002031384697392397
131,1,8,600,500000,0.0022,0.001298686001772561
132,1,8,2000,1500,0.5906,0.013629869876297426
133,1,8,2000,5000,0.5148,0.01385322010173808
134,1,8,2000,15000,0.3512,0.01323133737833028
135,1,8,2000,50000,0.103,0.008425310268470829
136,1,8,2000,150000,0.0212,0.00399287744104424
137,1,8,2000,500000,0.004,0.0017495676265866374
138,1,8,6000,1500,0.6102,0.013518487015461456
139,1,8,6000,5000,0.5834,0.013665134618466078
140,1,8,6000,15000,0.5228,0.013844876183310562
141,1,8,6000,50000,0.3338,0.013071232799518185
142,1,8,6000,150000,0.1012,0.008359741671798237
143,1,8,6000,500000,0.0206,0.003937175094506212
144,1,10,20,1500,0.0054,0.002031384697392397
145,1,10,20,5000,0.0002,0.00039196079803980395
146,1,10,20,15000,0.0002,0.00039196079803980395
147,1,10,20,50000,0.0,0.0
148,1,10,20,150000,0.0002,0.00039196079803980395
149,1,10,20,500000,0.001,0.0008761002682341788
150,1,10,60,1500,0.0628,0.006724608899497427
151,1,10,60,5000,0.0038,0.001705438787878357
152,1,10,60,15000,0.0004,0.0005542608310173108
153,1,10,60,50000,0.0,0.0
154,1,10,60,150000,0.0004,0.0005542608310173108
155,1,10,60,500000,0.0014,0.0010364082655015833
156,1,10,200,1500,0.293,0.012615793923491301
157,1,10,200,5000,0.0558,0.006362388239898599
158,1,10,200,15000,0.0068,0.0022779483934452943
159,1,10,200,50000,0.001,0.0008761002682341788
160,1,10,200,150000,0.0,0.0
161,1,10,200,500000,0.0004,0.0005542608310173108
162,1,10,600,1500,0.4572,0.013808423541128797
163,1,10,600,5000,0.248,0.011970321913799977
164,1,10,600,15000,0.0646,0.006813747112184308
165,1,10,600,50000,0.0064,0.0022103795178204126
166,1,10,600,150000,0.0012,0.0009596236862437275
167,1,10,600,500000,0.0004,0.0005542608310173108
168,1,10,2000,1500,0.5166,0.013851652671822232
169,1,10,2000,5000,0.4518,0.013794745675190971
170,1,10,2000,15000,0.2762,0.012393449334999517
171,1,10,2000,50000,0.0602,0.006593060107962008
172,1,10,2000,150000,0.0096,0.002702788121329528
173,1,10,2000,500000,0.0016,0.0011078560830721652
174,1,10,6000,1500,0.5446,0.013804046094852045
175,1,10,6000,5000,0.5148,0.01385322010173808
176,1,10,6000,15000,0.4508,0.013792032985575403
177,1,10,6000,50000,0.2586,0.01213700749990705
178,1,10,6000,150000,0.062,0.006684490849720717
179,1,10,6000,500000,0.0056,0.002068452920614825
180,1,12,20,1500,0.0026,0.0014115375151939815
181,1,12,20,5000,0.0002,0.00039196079803980395
182,1,12,20,15000,0.0002,0.00039196079803980395
183,1,12,20,50000,0.0002,0.00039196079803980395
184,1,12,20,150000,0.0,0.0
185,1,12,20,500000,0.0002,0.00039196079803980395
186,1,12,60,1500,0.0364,0.005191228634225235
187,1,12,60,5000,0.0018,0.001174941123290865
188,1,12,60,15000,0.0002,0.00039196079803980395
189,1,12,60,50000,0.0002,0.00039196079803980395
190,1,12,60,150000,0.0002,0.00039196079803980395
191,1,12,60,500000,0.0002,0.00039196079803980395
192,1,12,200,1500,0.2234,0.011545462810160534
193,1,12,200,5000,0.0354,0.00512207966638552
194,1,12,200,15000,0.0028,0.00146467483463054
195,1,12,200,50000,0.0004,0.0005542608310173108
196,1,12,200,150000,0.0002,0.00039196079803980395
197,1,12,200,500000,0.0002,0.00039196079803980395
198,1,12,600,1500,0.3702,0.01338414412307339
199,1,12,600,5000,0.2024,0.011137017342035522
200,1,12,600,15000,0.0386,0.005339699048897794
201,1,12,600,50000,0.0042,0.0017925933267754848
202,1,12,600,150000,0.0004,0.0005542608310173108
203,1,12,600,500000,0.0,0.0
204,1,12,2000,1500,0.4622,0.01381963073497986
205,1,12,2000,5000,0.382,0.01346781022735322
206,1,12,2000,15000,0.2196,0.011474819623366633
207,1,12,2000,50000,0.035,0.005094115035999874
208,1,12,2000,150000,0.0036,0.0016601188429748032
209,1,12,2000,500000,0.0002,0.00039196079803980395
210,1,12,6000,1500,0.477,0.013844622014341886
211,1,12,6000,5000,0.4506,0.013791483698456812
212,1,12,6000,15000,0.3878,0.013505841049383042
213,1,12,6000,50000,0.1902,0.010878404705985157
214,1,12,6000,150000,0.0358,0.0051498685764978505
215,1,12,6000,500000,0.0042,0.0017925933267754848
216,1,14,20,1500,0.0006,0.0006787601968294841
217,1,14,20,5000,0.0002,0.00039196079803980395
218,1,14,20,15000,0.0002,0.00039196079803980395
219,1,14,20,50000,0.0,0.0
220,1,14,20,150000,0.0,0.0
221,1,14,20,500000,0.0002,0.00039196079803980395
222,1,14,60,1500,0.0176,0.003644782187840585
223,1,14,60,5000,0.0012,0.0009596236862437275
224,1,14,60,15000,0.0002,0.00039196079803980395
225,1,14,60,50000,0.0,0.0
226,1,14,60,150000,0.0002,0.00039196079803980395
227,1,14,60,500000,0.0002,0.00039196079803980395
228,1,14,200,1500,0.18,0.010649132922449601
229,1,14,200,5000,0.0238,0.0042250217536954765
230,1,14,200,15000,0.0012,0.0009596236862437275
231,1,14,200,50000,0.0,0.0
232,1,14,200,150000,0.0,0.0
233,1,14,200,500000,0.0,0.0
234,1,14,600,1500,0.32,0.012930059241936983
235,1,14,600,5000,0.1454,0.009770903333305473
236,1,14,600,15000,0.0238,0.0042250217536954765
237,1,14,600,50000,0.0014,0.0010364082655015833
238,1,14,600,150000,0.0,0.0
239,1,14,600,500000,0.0004,0.0005542608310173108
240,1,14,2000,1500,0.4006,0.013582662544759035
241,1,14,2000,5000,0.3124,0.012846786770114929
242,1,14,2000,15000,0.1594,0.01014635189833272
243,1,14,2000,50000,0.0234,0.0041902251372450145
244,1,14,2000,150000,0.0014,0.0010364082655015833
245,1,14,2000,500000,0.0,0.0
246,1,14,6000,1500,0.438,0.01375232990878273
247,1,14,6000,5000,0.3948,0.013549057968257424
248,1,14,6000,15000,0.3264,0.012997121638762946
249,1,14,6000,50000,0.1468,0.009809785706283294
250,1,14,6000,150000,0.0238,0.0042250217536954765
251,1,14,6000,500000,0.0028,0.00146467483463054
252,1,16,20,1500,0.0008,0.0007836863372548995
253,1,16,20,5000,0.0,0.0
254,1,16,20,15000,0.0002,0.00039196079803980395
255,1,16,20,50000,0.0,0.0
256,1,16,20,150000,0.0002,0.00039196079803980395
257,1,16,20,500000,0.0,0.0
258,1,16,60,1500,0.013,0.0031397952035124837
259,1,16,60,5000,0.0004,0.0005542608310173108
260,1,16,60,15000,0.0004,0.0005542608310173108
261,1,16,60,50000,0.0,0.0
262,1,16,60,150000,0.0002,0.00039196079803980395
263,1,16,60,500000,0.0,0.0
264,1,16,200,1500,0.1434,0.00971481824744035
265,1,16,200,5000,0.0108,0.002865002470365427
266,1,16,200,15000,0.0004,0.0005542608310173108
267,1,16,200,50000,0.0,0.0
268,1,16,200,150000,0.0,0.0
269,1,16,200,500000,0.0,0.0
270,1,16,600,1500,0.2812,0.012461856947469747
271,1,16,600,5000,0.1146,0.00882943953537256
272,1,16,600,15000,0.0136,0.0032104584614662123
273,1,16,600,50000,0.0008,0.0007836863372548995
274,1,16,600,150000,0.0002,0.00039196079803980395
275,1,16,600,500000,0.0002,0.00039196079803980395
276,1,16,2000,1500,0.3458,0.01318374619124625
277,1,16,2000,5000,0.2732,0.012351476488387936
278,1,16,2000,15000,0.129,0.009291268313852529
279,1,16,2000,50000,0.013,0.0031397952035124837
280,1,16,2000,150000,0.0008,0.0007836863372548995
281,1,16,2000,500000,0.0002,0.00039196079803980395
282,1,16,6000,1500,0.3754,0.013422060537369067
283,1,16,6000,5000,0.3476,0.013199817577406138
284,1,16,6000,15000,0.2678,0.012274144104221686
285,1,16,6000,50000,0.1006,0.008337704540507538
286,1,16,6000,150000,0.0158,0.00345653766002918
287,1,16,6000,500000,0.0008,0.0007836863372548995
288,1,18,20,1500,0.0012,0.0009596236862437275
289,1,18,20,5000,0.0,0.0
290,1,18,20,15000,0.0002,0.00039196079803980395
291,1,18,20,50000,0.0006,0.0006787601968294841
292,1,18,20,150000,0.0002,0.00039196079803980395
293,1,18,20,500000,0.0,0.0
294,1,18,60,1500,0.0118,0.0029931914611664922
295,1,18,60,5000,0.0002,0.00039196079803980395
296,1,18,60,15000,0.0,0.0
297,1,18,60,50000,0.0004,0.0005542608310173108
298,1,18,60,150000,0.0,0.0
299,1,18,60,500000,0.0002,0.00039196079803980395
300,1,18,200,1500,0.119,0.00897495963667804
301,1,18,200,5000,0.0092,0.002646415197054309
302,1,18,200,15000,0.0,0.0
303,1,18,200,50000,0.0002,0.00039196079803980395
304,1,18,200,150000,0.0,0.0
305,1,18,200,500000,0.0,0.0
306,1,18,600,1500,0.2298,0.011661323368606155
307,1,18,600,5000,0.0886,0.007876666219461124
308,1,18,600,15000,0.0084,0.0025297579609124664
309,1,18,600,50000,0.0002,0.00039196079803980395
310,1,18,600,150000,0.0002,0.00039196079803980395
311,1,18,600,500000,0.0,0.0
312,1,18,2000,1500,0.2926,0.012610745402108473
313,1,18,2000,5000,0.2296,0.011657761017828422
314,1,18,2000,15000,0.0898,0.007924605528807097
315,1,18,2000,50000,0.0076,0.002407250264679599
316,1,18,2000,150000,0.0006,0.0006787601968294841
317,1,18,2000,500000,0.0002,0.00039196079803980395
318,1,18,6000,1500,0.3426,0.013154659113667673
319,1,18,6000,5000,0.3014,0.012719117630276087
320,1,18,6000,15000,0.2074,0.011238348081315153
321,1,18,6000,50000,0.0838,0.007680477517654745
322,1,18,6000,150000,0.0082,0.0024997124160991
323,1,18,6000,500000,0.0006,0.0006787601968294841
324,1,20,20,1500,0.0004,0.0005542608310173108
325,1,20,20,5000,0.0,0.0
326,1,20,20,15000,0.0,0.0
327,1,20,20,50000,0.0,0.0
328,1,20,20,150000,0.0002,0.00039196079803980395
329,1,20,20,500000,0.0,0.0
330,1,20,60,1500,0.006,0.0021406215172234443
331,1,20,60,5000,0.0,0.0
332,1,20,60,15000,0.0,0.0
333,1,20,60,50000,0.0,0.0
334,1,20,60,150000,0.0004,0.0005542608310173108
335,1,20,60,500000,0.0002,0.00039196079803980395
336,1,20,200,1500,0.0862,0.007779474811271002
337,1,20,200,5000,0.0038,0.001705438787878357
338,1,20,200,15000,0.0002,0.00039196079803980395
339,1,20,200,50000,0.0002,0.00039196079803980395
340,1,20,200,150000,0.0002,0.00039196079803980395
341,1,20,200,500000,0.0,0.0
342,1,20,600,1500,0.1962,0.011007648970565878
343,1,20,600,5000,0.062,0.006684490849720717
344,1,20,600,15000,0.0062,0.002175787163120511
345,1,20,600,50000,0.0002,0.00039196079803980395
346,1,20,600,150000,0.0002,0.00039196079803980395
347,1,20,600,500000,0.0,0.0
348,1,20,2000,1500,0.258,0.01212782369264989
349,1,20,2000,5000,0.2032,0.01115340785604113
350,1,20,2000,15000,0.0742,0.007264932943613451
351,1,20,2000,50000,0.0052,0.0019936119550203347
352,1,20,2000,150000,0.0008,0.0007836863372548995
353,1,20,2000,500000,0.0,0.0
354,1,20,6000,1500,0.2886,0.012559610261978674
355,1,20,6000,5000,0.2622,0.012191488639669889
356,1,20,6000,15000,0.1984,0.011054033015185
357,1,20,6000,50000,0.0588,0.0065207971674635
358,1,20,6000,150000,0.0036,0.0016601188429748032
359,1,20,6000,500000,0.0008,0.0007836863372548995
360,1,22,20,1500,0.0,0.0
361,1,22,20,5000,0.0002,0.00039196079803980395
362,1,22,20,15000,0.0,0.0
363,1,22,20,50000,0.0,0.0
364,1,22,20,150000,0.0002,0.00039196079803980395
365,1,22,20,500000,0.0,0.0
366,1,22,60,1500,0.0042,0.0017925933267754848
367,1,22,60,5000,0.0,0.0
368,1,22,60,15000,0.0004,0.0005542608310173108
369,1,22,60,50000,0.0,0.0
370,1,22,60,150000,0.0,0.0
371,1,22,60,500000,0.0,0.0
372,1,22,200,1500,0.0694,0.007044210550856639
373,1,22,200,5000,0.0026,0.0014115375151939815
374,1,22,200,15000,0.0004,0.0005542608310173108
375,1,22,200,50000,0.0,0.0
376,1,22,200,150000,0.0,0.0
377,1,22,200,500000,0.0,0.0
378,1,22,600,1500,0.1696,0.010402259013733508
379,1,22,600,5000,0.049,0.005983556106530631
380,1,22,600,15000,0.0032,0.0015654891897422991
381,1,22,600,50000,0.0002,0.00039196079803980395
382,1,22,600,150000,0.0004,0.0005542608310173108
383,1,22,600,500000,0.0002,0.00039196079803980395
384,1,22,2000,1500,0.2264,0.01160025432879814
385,1,22,2000,5000,0.1674,0.010348252076404014
386,1,22,2000,15000,0.057,0.00642634953297749
387,1,22,2000,50000,0.0036,0.0016601188429748032
388,1,22,2000,150000,0.0,0.0
389,1,22,2000,500000,0.0,0.0
390,1,22,6000,1500,0.253,0.01205012718273131
391,1,22,6000,5000,0.2338,0.011731793132305053
392,1,22,6000,15000,0.1668,0.010333411467816425
393,1,22,6000,50000,0.046,0.00580663025170365
394,1,22,6000,150000,0.0032,0.0015654891897422991
395,1,22,6000,500000,0.0,0.0
396,1,24,20,1500,0.0002,0.00039196079803980395
397,1,24,20,5000,0.0002,0.00039196079803980395
398,1,24,20,15000,0.0,0.0
399,1,24,20,50000,0.0,0.0
400,1,24,20,150000,0.0004,0.0005542608310173108
401,1,24,20,500000,0.0002,0.00039196079803980395
402,1,24,60,1500,0.003,0.0015159304469532895
403,1,24,60,5000,0.0,0.0
404,1,24,60,15000,0.0,0.0
405,1,24,60,50000,0.0002,0.00039196079803980395
406,1,24,60,150000,0.0002,0.00039196079803980395
407,1,24,60,500000,0.0002,0.00039196079803980395
408,1,24,200,1500,0.0482,0.0059370053261892895
409,1,24,200,5000,0.002,0.001238372609516215
410,1,24,200,15000,0.0,0.0
411,1,24,200,50000,0.0002,0.00039196079803980395
412,1,24,200,150000,0.0002,0.00039196079803980395
413,1,24,200,500000,0.0002,0.00039196079803980395
414,1,24,600,1500,0.139,0.009589148516943514
415,1,24,600,5000,0.0326,0.004922468104193261
416,1,24,600,15000,0.0018,0.001174941123290865
417,1,24,600,50000,0.0,0.0
418,1,24,600,150000,0.0,0.0
419,1,24,600,500000,0.0,0.0
420,1,24,2000,1500,0.1962,0.011007648970565878
421,1,24,2000,5000,0.1348,0.009466169370299688
422,1,24,2000,15000,0.039,0.005366177902380799
423,1,24,2000,50000,0.0016,0.0011078560830721652
424,1,24,2000,150000,0.0002,0.00039196079803980395
425,1,24,2000,500000,0.0,0.0
426,1,24,6000,1500,0.2138,0.011364267276828717
427,1,24,6000,5000,0.197,0.011024577503015704
428,1,24,6000,15000,0.1348,0.009466169370299688
429,1,24,6000,50000,0.0352,0.005108119496174693
430,1,24,6000,150000,0.0018,0.001174941123290865
431,1,24,6000,500000,0.0002,0.00039196079803980395
432,1,26,20,1500,0.0002,0.00039196079803980395
433,1,26,20,5000,0.0,0.0
434,1,26,20,15000,0.0,0.0
435,1,26,20,50000,0.0,0.0
436,1,26,20,150000,0.0,0.0
437,1,26,20,500000,0.0,0.0
438,1,26,60,1500,0.0028,0.00146467483463054
439,1,26,60,5000,0.0,0.0
440,1,26,60,15000,0.0,0.0
441,1,26,60,50000,0.0,0.0
442,1,26,60,150000,0.0,0.0
443,1,26,60,500000,0.0,0.0
444,1,26,200,1500,0.049,0.005983556106530631
445,1,26,200,5000,0.001,0.0008761002682341788
446,1,26,200,15000,0.0002,0.00039196079803980395
447,1,26,200,50000,0.0,0.0
448,1,26,200,150000,0.0,0.0
449,1,26,200,500000,0.0,0.0
450,1,26,600,1500,0.1056,0.0085186136832703
451,1,26,600,5000,0.0252,0.0043443929457635385
452,1,26,600,15000,0.001,0.0008761002682341788
453,1,26,600,50000,0.0002,0.00039196079803980395
454,1,26,600,150000,0.0,0.0
455,1,26,600,500000,0.0,0.0
456,1,26,2000,1500,0.1746,0.01052265716769296
457,1,26,2000,5000,0.1146,0.00882943953537256
458,1,26,2000,15000,0.0346,0.005065971775365512
459,1,26,2000,50000,0.0016,0.0011078560830721652
460,1,26,2000,150000,0.0,0.0
461,1,26,2000,500000,0.0,0.0
462,1,26,6000,1500,0.1918,0.010913267327578849
463,1,26,6000,5000,0.1692,0.010392487061103323
464,1,26,6000,15000,0.1146,0.00882943953537256
465,1,26,6000,50000,0.0272,0.004508865725567795
466,1,26,6000,150000,0.0016,0.0011078560830721652
467,1,26,6000,500000,0.0002,0.00039196079803980395
468,1,28,20,1500,0.0002,0.00039196079803980395
469,1,28,20,5000,0.0,0.0
470,1,28,20,15000,0.0,0.0
471,1,28,20,50000,0.0002,0.00039196079803980395
472,1,28,20,150000,0.0,0.0
473,1,28,20,500000,0.0,0.0
474,1,28,60,1500,0.0012,0.0009596236862437275
475,1,28,60,5000,0.0002,0.00039196079803980395
476,1,28,60,15000,0.0,0.0
477,1,28,60,50000,0.0,0.0
478,1,28,60,150000,0.0002,0.00039196079803980395
479,1,28,60,500000,0.0,0.0
480,1,28,200,1500,0.0308,0.004789091449868127
481,1,28,200,5000,0.0008,0.0007836863372548995
482,1,28,200,15000,0.0,0.0
483,1,28,200,50000,0.0002,0.00039196079803980395
484,1,28,200,150000,0.0,0.0
485,1,28,200,500000,0.0,0.0
486,1,28,600,1500,0.0898,0.007924605528807097
487,1,28,600,5000,0.0178,0.003665059548111053
488,1,28,600,15000,0.0008,0.0007836863372548995
489,1,28,600,50000,0.0002,0.00039196079803980395
490,1,28,600,150000,0.0,0.0
491,1,28,600,500000,0.0,0.0
492,1,28,2000,1500,0.1466,0.009804249926475762
493,1,28,2000,5000,0.0934,0.0080658912948787
494,1,28,2000,15000,0.0228,0.0041374258339213765
495,1,28,2000,50000,0.0008,0.0007836863372548995
496,1,28,2000,150000,0.0,0.0
497,1,28,2000,500000,0.0,0.0
498,1,28,6000,1500,0.1562,0.010063089713363386
499,1,28,6000,5000,0.143,0.0097035243246977
500,1,28,6000,15000,0.09,0.00793255368718044
501,1,28,6000,50000,0.0172,0.0036038596270110187
502,1,28,6000,150000,0.0012,0.0009596236862437275
503,1,28,6000,500000,0.0,0.0
504,1,30,20,1500,0.0,0.0
505,1,30,20,5000,0.0,0.0
506,1,30,20,15000,0.0002,0.00039196079803980395
507,1,30,20,50000,0.0,0.0
508,1,30,20,150000,0.0,0.0
509,1,30,20,500000,0.0,0.0
510,1,30,60,1500,0.0012,0.0009596236862437275
511,1,30,60,5000,0.0002,0.00039196079803980395
512,1,30,60,15000,0.0,0.0
513,1,30,60,50000,0.0,0.0
514,1,30,60,150000,0.0,0.0
515,1,30,60,500000,0.0,0.0
516,1,30,200,1500,0.0248,0.004310659864475507
517,1,30,200,5000,0.0022,0.001298686001772561
518,1,30,200,15000,0.0,0.0
519,1,30,200,50000,0.0,0.0
520,1,30,200,150000,0.0,0.0
521,1,30,200,500000,0.0,0.0
522,1,30,600,1500,0.079,0.007476777038269899
523,1,30,600,5000,0.0174,0.003624382904274878
524,1,30,600,15000,0.0008,0.0007836863372548995
525,1,30,600,50000,0.0002,0.00039196079803980395
526,1,30,600,150000,0.0,0.0
527,1,30,600,500000,0.0002,0.00039196079803980395
528,1,30,2000,1500,0.1284,0.00927282773596059
529,1,30,2000,5000,0.0762,0.007354235515619554
530,1,30,2000,15000,0.0214,0.004011257679681025
531,1,30,2000,50000,0.0004,0.0005542608310173108
532,1,30,2000,150000,0.0,0.0
533,1,30,2000,500000,0.0,0.0
534,1,30,6000,1500,0.1554,0.010042043885026594
535,1,30,6000,5000,0.1164,0.008889460672774248
536,1,30,6000,15000,0.0802,0.007528439348709664
537,1,30,6000,50000,0.0172,0.0036038596270110187
538,1,30,6000,150000,0.0006,0.0006787601968294841
539,1,30,6000,500000,0.0002,0.00039196079803980395
540,1,32,20,1500,0.0,0.0
541,1,32,20,5000,0.0,0.0
542,1,32,20,15000,0.0,0.0
543,1,32,20,50000,0.0,0.0
544,1,32,20,150000,0.0,0.0
545,1,32,20,500000,0.0,0.0
546,1,32,60,1500,0.0002,0.00039196079803980395
547,1,32,60,5000,0.0,0.0
548,1,32,60,15000,0.0,0.0
549,1,32,60,50000,0.0,0.0
550,1,32,60,150000,0.0002,0.00039196079803980395
551,1,32,60,500000,0.0,0.0
552,1,32,200,1500,0.0182,0.003705256493577739
553,1,32,200,5000,0.0,0.0
554,1,32,200,15000,0.0,0.0
555,1,32,200,50000,0.0,0.0
556,1,32,200,150000,0.0,0.0
557,1,32,200,500000,0.0,0.0
558,1,32,600,1500,0.0642,0.006794071353408058
559,1,32,600,5000,0.0122,0.0030428846923930587
560,1,32,600,15000,0.0006,0.0006787601968294841
561,1,32,600,50000,0.0,0.0
562,1,32,600,150000,0.0,0.0
563,1,32,600,500000,0.0,0.0
564,1,32,2000,1500,0.1032,0.008432545973974883
565,1,32,2000,5000,0.064,0.006784205279913042
566,1,32,2000,15000,0.0142,0.0032795152012454524
567,1,32,2000,50000,0.0002,0.00039196079803980395
568,1,32,2000,150000,0.0,0.0
569,1,32,2000,500000,0.0004,0.0005542608310173108
570,1,32,6000,1500,0.123,0.009103814954182669
571,1,32,6000,5000,0.103,0.008425310268470829
572,1,32,6000,15000,0.0688,0.007015954630640081
573,1,32,6000,50000,0.0114,0.0029426173949054267
574,1,32,6000,150000,0.0004,0.0005542608310173108
575,1,32,6000,500000,0.0,0.0
576,1,34,20,1500,0.0,0.0
577,1,34,20,5000,0.0,0.0
578,1,34,20,15000,0.0,0.0
579,1,34,20,50000,0.0002,0.00039196079803980395
580,1,34,20,150000,0.0,0.0
581,1,34,20,500000,0.0,0.0
582,1,34,60,1500,0.001,0.0008761002682341788
583,1,34,60,5000,0.0002,0.00039196079803980395
584,1,34,60,15000,0.0,0.0
585,1,34,60,50000,0.0,0.0
586,1,34,60,150000,0.0,0.0
587,1,34,60,500000,0.0,0.0
588,1,34,200,1500,0.0138,0.0032336507447774873
589,1,34,200,5000,0.0002,0.00039196079803980395
590,1,34,200,15000,0.0,0.0
591,1,34,200,50000,0.0,0.0
592,1,34,200,150000,0.0002,0.00039196079803980395
593,1,34,200,500000,0.0002,0.00039196079803980395
594,1,34,600,1500,0.0574,0.006447490829524304
595,1,34,600,5000,0.0072,0.002343517503924389
596,1,34,600,15000,0.0002,0.00039196079803980395
597,1,34,600,50000,0.0,0.0
598,1,34,600,150000,0.0002,0.00039196079803980395
599,1,34,600,500000,0.0,0.0
600,1,34,2000,1500,0.0974,0.008218606971792726
601,1,34,2000,5000,0.0516,0.006131852403703141
602,1,34,2000,15000,0.0102,0.002785126206691539
603,1,34,2000,50000,0.0,0.0
604,1,34,2000,150000,0.0,0.0
605,1,34,2000,500000,0.0,0.0
606,1,34,6000,1500,0.103,0.008425310268470829
607,1,34,6000,5000,0.086,0.007771294955153871
608,1,34,6000,15000,0.0488,0.005971960148828858
609,1,34,6000,50000,0.0068,0.0022779483934452943
610,1,34,6000,150000,0.0,0.0
611,1,34,6000,500000,0.0,0.0
612,1,36,20,1500,0.0002,0.00039196079803980395
613,1,36,20,5000,0.0,0.0
614,1,36,20,15000,0.0,0.0
615,1,36,20,50000,0.0,0.0
616,1,36,20,150000,0.0,0.0
617,1,36,20,500000,0.0,0.0
618,1,36,60,1500,0.0002,0.00039196079803980395
619,1,36,60,5000,0.0002,0.00039196079803980395
620,1,36,60,15000,0.0,0.0
621,1,36,60,50000,0.0,0.0
622,1,36,60,150000,0.0,0.0
623,1,36,60,500000,0.0,0.0
624,1,36,200,1500,0.0118,0.0029931914611664922
625,1,36,200,5000,0.0002,0.00039196079803980395
626,1,36,200,15000,0.0,0.0
627,1,36,200,50000,0.0,0.0
628,1,36,200,150000,0.0,0.0
629,1,36,200,500000,0.0,0.0
630,1,36,600,1500,0.0474,0.005890003171204579
631,1,36,600,5000,0.0042,0.0017925933267754848
632,1,36,600,15000,0.0004,0.0005542608310173108
633,1,36,600,50000,0.0,0.0
634,1,36,600,150000,0.0,0.0
635,1,36,600,500000,0.0,0.0
636,1,36,2000,1500,0.0778,0.00742460625024654
637,1,36,2000,5000,0.0422,0.005572687772628214
638,1,36,2000,15000,0.0084,0.0025297579609124664
639,1,36,2000,50000,0.0004,0.0005542608310173108
640,1,36,2000,150000,0.0,0.0
641,1,36,2000,500000,0.0,0.0
642,1,36,6000,1500,0.0944,0.008104482209543061
643,1,36,6000,5000,0.0718,0.007155732108121433
644,1,36,6000,15000,0.0432,0.0056353841469060474
645,1,36,6000,50000,0.0074,0.0023756040909208758
646,1,36,6000,150000,0.0,0.0
647,1,36,6000,500000,0.0,0.0
648,1,38,20,1500,0.0,0.0
649,1,38,20,5000,0.0,0.0
650,1,38,20,15000,0.0002,0.00039196079803980395
651,1,38,20,50000,0.0,0.0
652,1,38,20,150000,0.0,0.0
653,1,38,20,500000,0.0,0.0
654,1,38,60,1500,0.0004,0.0005542608310173108
655,1,38,60,5000,0.0,0.0
656,1,38,60,15000,0.0002,0.00039196079803980395
657,1,38,60,50000,0.0,0.0
658,1,38,60,150000,0.0,0.0
659,1,38,60,500000,0.0,0.0
660,1,38,200,1500,0.0086,0.002559438815990724
661,1,38,200,5000,0.0004,0.0005542608310173108
662,1,38,200,15000,0.0,0.0
663,1,38,200,50000,0.0002,0.00039196079803980395
664,1,38,200,150000,0.0,0.0
665,1,38,200,500000,0.0,0.0
666,1,38,600,1500,0.0344,0.0050518322265095065
667,1,38,600,5000,0.0038,0.001705438787878357
668,1,38,600,15000,0.0002,0.00039196079803980395
669,1,38,600,50000,0.0,0.0
670,1,38,600,150000,0.0,0.0
671,1,38,600,500000,0.0002,0.00039196079803980395
672,1,38,2000,1500,0.0706,0.007100268200906217
673,1,38,2000,5000,0.036,0.005163698023703555
674,1,38,2000,15000,0.008,0.002469288869290104
675,1,38,2000,50000,0.0,0.0
676,1,38,2000,150000,0.0,0.0
677,1,38,2000,500000,0.0,0.0
678,1,38,6000,1500,0.0796,0.007502671094270359
679,1,38,6000,5000,0.0652,0.006843120994633954
680,1,38,6000,15000,0.0392,0.005379359883406203
681,1,38,6000,50000,0.0052,0.0019936119550203347
682,1,38,6000,150000,0.0002,0.00039196079803980395
683,1,38,6000,500000,0.0,0.0
684,1,40,20,1500,0.0002,0.00039196079803980395
685,1,40,20,5000,0.0,0.0
686,1,40,20,15000,0.0,0.0
687,1,40,20,50000,0.0002,0.00039196079803980395
688,1,40,20,150000,0.0,0.0
689,1,40,20,500000,0.0,0.0
690,1,40,60,1500,0.0,0.0
691,1,40,60,5000,0.0,0.0
692,1,40,60,15000,0.0,0.0
693,1,40,60,50000,0.0,0.0
694,1,40,60,150000,0.0,0.0
695,1,40,60,500000,0.0,0.0
696,1,40,200,1500,0.0076,0.002407250264679599
697,1,40,200,5000,0.0,0.0
698,1,40,200,15000,0.0,0.0
699,1,40,200,50000,0.0,0.0
700,1,40,200,150000,0.0,0.0
701,1,40,200,500000,0.0,0.0
702,1,40,600,1500,0.0292,0.004666888003284415
703,1,40,600,5000,0.0024,0.0013562973408511865
704,1,40,600,15000,0.0002,0.00039196079803980395
705,1,40,600,50000,0.0,0.0
706,1,40,600,150000,0.0,0.0
707,1,40,600,500000,0.0,0.0
708,1,40,2000,1500,0.0578,0.006468544025605763
709,1,40,2000,5000,0.0334,0.004980439834070882
710,1,40,2000,15000,0.0046,0.0018756370514574508
711,1,40,2000,50000,0.0,0.0
712,1,40,2000,150000,0.0,0.0
713,1,40,2000,500000,0.0,0.0
714,1,40,6000,1500,0.0754,0.007318695639852773
715,1,40,6000,5000,0.059,0.006531183512963022
716,1,40,6000,15000,0.0322,0.004893187007585138
717,1,40,6000,50000,0.0024,0.0013562973408511865
718,1,40,6000,150000,0.0,0.0
719,1,40,6000,500000,0.0,0.0
720,1,42,20,1500,0.0,0.0
721,1,42,20,5000,0.0,0.0
722,1,42,20,15000,0.0,0.0
723,1,42,20,50000,0.0,0.0
724,1,42,20,150000,0.0,0.0
725,1,42,20,500000,0.0,0.0
726,1,42,60,1500,0.0006,0.0006787601968294841
727,1,42,60,5000,0.0,0.0
728,1,42,60,15000,0.0,0.0
729,1,42,60,50000,0.0,0.0
730,1,42,60,150000,0.0002,0.00039196079803980395
731,1,42,60,500000,0.0,0.0
732,1,42,200,1500,0.0044,0.0018345935039675684
733,1,42,200,5000,0.0002,0.00039196079803980395
734,1,42,200,15000,0.0,0.0
735,1,42,200,50000,0.0002,0.00039196079803980395
736,1,42,200,150000,0.0,0.0
737,1,42,200,500000,0.0,0.0
738,1,42,600,1500,0.0212,0.00399287744104424
739,1,42,600,5000,0.0016,0.0011078560830721652
740,1,42,600,15000,0.0,0.0
741,1,42,600,50000,0.0,0.0
742,1,42,600,150000,0.0,0.0
743,1,42,600,500000,0.0,0.0
744,1,42,2000,1500,0.0518,0.00614307651288831
745,1,42,2000,5000,0.026,0.00441100166402145
746,1,42,2000,15000,0.004,0.0017495676265866374
747,1,42,2000,50000,0.0002,0.00039196079803980395
748,1,42,2000,150000,0.0,0.0
749,1,42,2000,500000,0.0,0.0
750,1,42,6000,1500,0.0648,0.0068235569600612256
751,1,42,6000,5000,0.042,0.005560047078937372
752,1,42,6000,15000,0.0252,0.0043443929457635385
753,1,42,6000,50000,0.0012,0.0009596236862437275
754,1,42,6000,150000,0.0002,0.00039196079803980395
755,1,42,6000,500000,0.0,0.0
756,1,44,20,1500,0.0,0.0
757,1,44,20,5000,0.0,0.0
758,1,44,20,15000,0.0,0.0
759,1,44,20,50000,0.0,0.0
760,1,44,20,150000,0.0,0.0
761,1,44,20,500000,0.0,0.0
762,1,44,60,1500,0.0,0.0
763,1,44,60,5000,0.0,0.0
764,1,44,60,15000,0.0,0.0
765,1,44,60,50000,0.0002,0.00039196079803980395
766,1,44,60,150000,0.0002,0.00039196079803980395
767,1,44,60,500000,0.0,0.0
768,1,44,200,1500,0.004,0.0017495676265866374
769,1,44,200,5000,0.0,0.0
770,1,44,200,15000,0.0,0.0
771,1,44,200,50000,0.0,0.0
772,1,44,200,150000,0.0,0.0
773,1,44,200,500000,0.0,0.0
774,1,44,600,1500,0.0178,0.003665059548111053
775,1,44,600,5000,0.0014,0.0010364082655015833
776,1,44,600,15000,0.0,0.0
777,1,44,600,50000,0.0002,0.00039196079803980395
778,1,44,600,150000,0.0,0.0
779,1,44,600,500000,0.0,0.0
780,1,44,2000,1500,0.0402,0.005444706433518708
781,1,44,2000,5000,0.0186,0.00374498918727411
782,1,44,2000,15000,0.0022,0.001298686001772561
783,1,44,2000,50000,0.0,0.0
784,1,44,2000,150000,0.0,0.0
785,1,44,2000,500000,0.0,0.0
786,1,44,6000,1500,0.049,0.005983556106530631
787,1,44,6000,5000,0.0372,0.005245786123280285
788,1,44,6000,15000,0.02,0.003880602015151773
789,1,44,6000,50000,0.0012,0.0009596236862437275
790,1,44,6000,150000,0.0,0.0
791,1,44,6000,500000,0.0,0.0
792,1,46,20,1500,0.0002,0.00039196079803980395
793,1,46,20,5000,0.0,0.0
794,1,46,20,15000,0.0002,0.00039196079803980395
795,1,46,20,50000,0.0,0.0
796,1,46,20,150000,0.0002,0.00039196079803980395
797,1,46,20,500000,0.0,0.0
798,1,46,60,1500,0.0,0.0
799,1,46,60,5000,0.0,0.0
800,1,46,60,15000,0.0,0.0
801,1,46,60,50000,0.0,0.0
802,1,46,60,150000,0.0,0.0
803,1,46,60,500000,0.0,0.0
804,1,46,200,1500,0.0014,0.0010364082655015833
805,1,46,200,5000,0.0,0.0
806,1,46,200,15000,0.0,0.0
807,1,46,200,50000,0.0,0.0
808,1,46,200,150000,0.0002,0.00039196079803980395
809,1,46,200,500000,0.0,0.0
810,1,46,600,1500,0.0136,0.0032104584614662123
811,1,46,600,5000,0.0022,0.001298686001772561
812,1,46,600,15000,0.0,0.0
813,1,46,600,50000,0.0002,0.00039196079803980395
814,1,46,600,150000,0.0,0.0
815,1,46,600,500000,0.0,0.0
816,1,46,2000,1500,0.0364,0.005191228634225235
817,1,46,2000,5000,0.016,0.003477992248409993
818,1,46,2000,15000,0.0022,0.001298686001772561
819,1,46,2000,50000,0.0,0.0
820,1,46,2000,150000,0.0,0.0
821,1,46,2000,500000,0.0,0.0
822,1,46,6000,1500,0.043,0.00562291172970019
823,1,46,6000,5000,0.035,0.005094115035999874
824,1,46,6000,15000,0.0162,0.0034993065168973125
825,1,46,6000,50000,0.002,0.001238372609516215
826,1,46,6000,150000,0.0002,0.00039196079803980395
827,1,46,6000,500000,0.0,0.0
828,1,48,20,1500,0.0,0.0
829,1,48,20,5000,0.0,0.0
830,1,48,20,15000,0.0,0.0
831,1,48,20,50000,0.0,0.0
832,1,48,20,150000,0.0,0.0
833,1,48,20,500000,0.0,0.0
834,1,48,60,1500,0.0002,0.00039196079803980395
835,1,48,60,5000,0.0,0.0
836,1,48,60,15000,0.0,0.0
837,1,48,60,50000,0.0,0.0
838,1,48,60,150000,0.0,0.0
839,1,48,60,500000,0.0,0.0
840,1,48,200,1500,0.0032,0.0015654891897422991
841,1,48,200,5000,0.0,0.0
842,1,48,200,15000,0.0,0.0
843,1,48,200,50000,0.0,0.0
844,1,48,200,150000,0.0,0.0
845,1,48,200,500000,0.0,0.0
846,1,48,600,1500,0.014,0.0032566684326163753
847,1,48,600,5000,0.0018,0.001174941123290865
848,1,48,600,15000,0.0,0.0
849,1,48,600,50000,0.0,0.0
850,1,48,600,150000,0.0,0.0
851,1,48,600,500000,0.0,0.0
852,1,48,2000,1500,0.0288,0.004635767537226171
853,1,48,2000,5000,0.011,0.002891116268848418
854,1,48,2000,15000,0.0014,0.0010364082655015833
855,1,48,2000,50000,0.0,0.0
856,1,48,2000,150000,0.0,0.0
857,1,48,2000,500000,0.0,0.0
858,1,48,6000,1500,0.0388,0.00535295771879435
859,1,48,6000,5000,0.0314,0.004834016467990154
860,1,48,6000,15000,0.0136,0.0032104584614662123
861,1,48,6000,50000,0.0008,0.0007836863372548995
862,1,48,6000,150000,0.0,0.0
863,1,48,6000,500000,0.0,0.0
864,1,50,20,1500,0.0,0.0
865,1,50,20,5000,0.0,0.0
866,1,50,20,15000,0.0,0.0
867,1,50,20,50000,0.0,0.0
868,1,50,20,150000,0.0,0.0
869,1,50,20,500000,0.0,0.0
870,1,50,60,1500,0.0,0.0
871,1,50,60,5000,0.0,0.0
872,1,50,60,15000,0.0,0.0
873,1,50,60,50000,0.0,0.0
874,1,50,60,150000,0.0,0.0
875,1,50,60,500000,0.0002,0.00039196079803980395
876,1,50,200,1500,0.002,0.001238372609516215
877,1,50,200,5000,0.0,0.0
878,1,50,200,15000,0.0002,0.00039196079803980395
879,1,50,200,50000,0.0002,0.00039196079803980395
880,1,50,200,150000,0.0,0.0
881,1,50,200,500000,0.0,0.0
882,1,50,600,1500,0.0138,0.0032336507447774873
883,1,50,600,5000,0.0006,0.0006787601968294841
884,1,50,600,15000,0.0,0.0
885,1,50,600,50000,0.0,0.0
886,1,50,600,150000,0.0,0.0
887,1,50,600,500000,0.0,0.0
888,1,50,2000,1500,0.025,0.004327562824500645
889,1,50,2000,5000,0.0104,0.0028120146708009897
890,1,50,2000,15000,0.0012,0.0009596236862437275
891,1,50,2000,50000,0.0,0.0
892,1,50,2000,150000,0.0,0.0
893,1,50,2000,500000,0.0,0.0
894,1,50,6000,1500,0.0324,0.004907852523945682
895,1,50,6000,5000,0.022,0.004065854537486554
896,1,50,6000,15000,0.0108,0.002865002470365427
897,1,50,6000,50000,0.0006,0.0006787601968294841
898,1,50,6000,150000,0.0,0.0
899,1,50,6000,500000,0.0,0.0
900,2,2,20,1500,0.4666,0.01382833659341571
901,2,2,20,5000,0.2838,0.012496673497343203
902,2,2,20,15000,0.2608,0.01217042773098793
903,2,2,20,50000,0.3308,0.013041627326189013
904,2,2,20,150000,0.42,0.013680743839426275
905,2,2,20,500000,0.3974,0.013564368019071142
906,2,2,60,1500,0.7556,0.011911532625350944
907,2,2,60,5000,0.4574,0.013808898710498242
908,2,2,60,15000,0.2886,0.012559610261978674
909,2,2,60,50000,0.2924,0.012608216727071278
910,2,2,60,150000,0.365,0.01334456323751362
911,2,2,60,500000,0.4678,0.013830523312268412
912,2,2,200,1500,0.9358,0.006794071353408059
913,2,2,200,5000,0.7584,0.01186502605731652
914,2,2,200,15000,0.5362,0.013822921642662958
915,2,2,200,50000,0.3478,0.013201590439458422
916,2,2,200,150000,0.3324,0.013057491167785639
917,2,2,200,500000,0.4198,0.013679844115603074
918,2,2,600,1500,0.9712,0.004635767537226175
919,2,2,600,5000,0.9302,0.007062963275226623
920,2,2,600,15000,0.7736,0.011600254328798142
921,2,2,600,50000,0.5528,0.013781801289062326
922,2,2,600,150000,0.3924,0.013534569643575668
923,2,2,600,500000,0.3832,0.013475844840424661
924,2,2,2000,1500,0.9818,0.0037052564935777382
925,2,2,2000,5000,0.9718,0.0045886408884548814
926,2,2,2000,15000,0.933,0.006930256237687028
927,2,2,2000,50000,0.7958,0.011173800304068442
928,2,2,2000,150000,0.567,0.013734300547170212
929,2,2,2000,500000,0.3976,0.013565529141054543
930,2,2,6000,1500,0.982,0.003685216997681414
931,2,2,6000,5000,0.9802,0.003861544228310745
932,2,2,6000,15000,0.9726,0.004524946859002875
933,2,2,6000,50000,0.9278,0.007174090518748702
934,2,2,6000,150000,0.7906,0.01127814860891627
935,2,2,6000,500000,0.5326,0.013829803333265445
936,2,4,20,1500,0.1954,0.010990649623602782
937,2,4,20,5000,0.0664,0.00690137347582349
938,2,4,20,15000,0.0458,0.005794600696786621
939,2,4,20,50000,0.0836,0.007672144045363068
940,2,4,20,150000,0.1174,0.00892251073615493
941,2,4,20,500000,0.1302,0.009327951148414103
942,2,4,60,1500,0.4804,0.013848640445502223
943,2,4,60,5000,0.1688,0.010382694071347764
944,2,4,60,15000,0.0616,0.006664313592621524
945,2,4,60,50000,0.0506,0.00607534494533438
946,2,4,60,150000,0.0974,0.008218606971792726
947,2,4,60,500000,0.1408,0.009640943345710522
948,2,4,200,1500,0.8372,0.010233233391807301
949,2,4,200,5000,0.5074,0.013857774958369038
950,2,4,200,15000,0.2302,0.011668436905909891
951,2,4,200,50000,0.0958,0.008158044596298798
952,2,4,200,150000,0.0826,0.007630279748266115
953,2,4,200,500000,0.1216,0.00905907844213748
954,2,4,600,1500,0.917,0.007647065026531419
955,2,4,600,5000,0.818,0.01069506467114622
956,2,4,600,15000,0.5214,0.013846593089016517
957,2,4,600,50000,0.2322,0.011703782187446927
958,2,4,600,150000,0.1118,0.00873468716802153
959,2,4,600,500000,0.1054,0.008511494474462167
960,2,4,2000,1500,0.9414,0.006510389531571823
961,2,4,2000,5000,0.9176,0.0076218671988430775
962,2,4,2000,15000,0.8244,0.010546353313103064
963,2,4,2000,50000,0.5342,0.013826834134942099
964,2,4,2000,150000,0.2534,0.012056419958710794
965,2,4,2000,500000,0.1186,0.008961896764234678
966,2,4,6000,1500,0.9456,0.006286721922019456
967,2,4,6000,5000,0.941,0.006531183512963025
968,2,4,6000,15000,0.9206,0.007494053784488073
969,2,4,6000,50000,0.8086,0.010904579031434455
970,2,4,6000,150000,0.5208,0.01384729554949991
971,2,4,6000,500000,0.2354,0.011759570098808883
972,2,6,20,1500,0.0674,0.006949422611757037
973,2,6,20,5000,0.0152,0.003391305257153947
974,2,6,20,15000,0.0056,0.002068452920614825
975,2,6,20,50000,0.0158,0.00345653766002918
976,2,6,20,150000,0.0354,0.00512207966638552
977,2,6,20,500000,0.041,0.0054963236877025356
978,2,6,60,1500,0.3066,0.01278053585655938
979,2,6,60,5000,0.0614,0.006654195092781695
980,2,6,60,15000,0.0126,0.0030917395616060547
981,2,6,60,50000,0.0094,0.00267475592247218
982,2,6,60,150000,0.019,0.003784272252362401
983,2,6,60,500000,0.0472,0.005878180838592838
984,2,6,200,1500,0.7054,0.012635870551283753
985,2,6,200,5000,0.3098,0.012817379800380418
986,2,6,200,15000,0.0844,0.007705399927635164
987,2,6,200,50000,0.02,0.003880602015151773
988,2,6,200,150000,0.0148,0.003347064861516729
989,2,6,200,500000,0.0338,0.005009137300893238
990,2,6,600,1500,0.8462,0.009999671827575144
991,2,6,600,5000,0.674,0.012993011339947331
992,2,6,600,15000,0.32,0.012930059241936983
993,2,6,600,50000,0.0978,0.00823364063651068
994,2,6,600,150000,0.0318,0.004863704358120465
995,2,6,600,500000,0.03,0.004728436528071409
996,2,6,2000,1500,0.8834,0.008896087417556103
997,2,6,2000,5000,0.84,0.010161801415103524
998,2,6,2000,15000,0.6952,0.012759493418909702
999,2,6,2000,50000,0.319,0.012919329258131012
1000,2,6,2000,150000,0.1016,0.008374382526538895
1001,2,6,2000,500000,0.0332,0.004966019629763862
1002,2,6,6000,1500,0.9,0.008315575746753798
1003,2,6,6000,5000,0.879,0.009039786882443633
1004,2,6,6000,15000,0.8444,0.010047314063211122
1005,2,6,6000,50000,0.6804,0.012925775450192535
1006,2,6,6000,150000,0.3244,0.012976462391761477
1007,2,6,6000,500000,0.0914,0.00798786163205147
1008,2,8,20,1500,0.0266,0.004460233121799801
1009,2,8,20,5000,0.0038,0.001705438787878357
1010,2,8,20,15000,0.0006,0.0006787601968294841
1011,2,8,20,50000,0.002,0.001238372609516215
1012,2,8,20,150000,0.0088,0.0025887675251362375
1013,2,8,20,500000,0.0136,0.0032104584614662123
1014,2,8,60,1500,0.1746,0.01052265716769296
1015,2,8,60,5000,0.0214,0.004011257679681025
1016,2,8,60,15000,0.0024,0.0013562973408511865
1017,2,8,60,50000,0.0016,0.0011078560830721652
1018,2,8,60,150000,0.0054,0.002031384697392397
1019,2,8,60,500000,0.015,0.0033692622337835325
1020,2,8,200,1500,0.5914,0.013625765499699457
1021,2,8,200,5000,0.1902,0.010878404705985157
1022,2,8,200,15000,0.0342,0.005037646890682196
1023,2,8,200,50000,0.0048,0.0019157854543763503
1024,2,8,200,150000,0.0036,0.0016601188429748032
1025,2,8,200,500000,0.0098,0.002730521295870076
1026,2,8,600,1500,0.7572,0.01188504178752435
1027,2,8,600,5000,0.5394,0.013816196682329042
1028,2,8,600,15000,0.1878,0.010825559609147233
1029,2,8,600,50000,0.0436,0.005660230243797508
1030,2,8,600,150000,0.0094,0.00267475592247218
1031,2,8,600,500000,0.006,0.0021406215172234443
1032,2,8,2000,1500,0.8286,0.010445974046148113
1033,2,8,2000,5000,0.7554,0.01191482823161123
1034,2,8,2000,15000,0.5702,0.013722014732071963
1035,2,8,2000,50000,0.1952,0.010986388683602999
1036,2,8,2000,150000,0.048,0.005925297521643955
1037,2,8,2000,500000,0.0084,0.0025297579609124664
1038,2,8,6000,1500,0.8398,0.010166939991324824
1039,2,8,6000,5000,0.826,0.01050837873698888
1040,2,8,6000,15000,0.7626,0.01179396479207904
1041,2,8,6000,50000,0.5506,0.013788140708768533
1042,2,8,6000,150000,0.1868,0.010803343627007335
1043,2,8,6000,500000,0.0372,0.005245786123280285
1044,2,10,20,1500,0.0134,0.003187087771116447
1045,2,10,20,5000,0.0014,0.0010364082655015833
1046,2,10,20,15000,0.0,0.0
1047,2,10,20,50000,0.002,0.001238372609516215
1048,2,10,20,150000,0.0024,0.0013562973408511865
1049,2,10,20,500000,0.0048,0.0019157854543763503
1050,2,10,60,1500,0.115,0.008842837101292774
1051,2,10,60,5000,0.0086,0.002559438815990724
1052,2,10,60,15000,0.001,0.0008761002682341788
1053,2,10,60,50000,0.0006,0.0006787601968294841
1054,2,10,60,150000,0.0014,0.0010364082655015833
1055,2,10,60,500000,0.0036,0.0016601188429748032
1056,2,10,200,1500,0.4986,0.013859238582721634
1057,2,10,200,5000,0.119,0.00897495963667804
1058,2,10,200,15000,0.015,0.0033692622337835325
1059,2,10,200,50000,0.0022,0.001298686001772561
1060,2,10,200,150000,0.0012,0.0009596236862437275
1061,2,10,200,500000,0.0036,0.0016601188429748032
1062,2,10,600,1500,0.6972,0.012735842915614184
1063,2,10,600,5000,0.4414,0.013763779272162133
1064,2,10,600,15000,0.116,0.008876181953970975
1065,2,10,600,50000,0.0166,0.003541524211522491
1066,2,10,600,150000,0.0022,0.001298686001772561
1067,2,10,600,500000,0.0012,0.0009596236862437275
1068,2,10,2000,1500,0.771,0.011647051596004888
1069,2,10,2000,5000,0.6906,0.012812813681810876
1070,2,10,2000,15000,0.4704,0.013834985679385433
1071,2,10,2000,50000,0.115,0.008842837101292774
1072,2,10,2000,150000,0.0244,0.004276631969763122
1073,2,10,2000,500000,0.0038,0.001705438787878357
1074,2,10,6000,1500,0.789,0.011309692536934857
1075,2,10,6000,5000,0.7606,0.01182799964342238
1076,2,10,6000,15000,0.683,0.01289766380085944
1077,2,10,6000,50000,0.434,0.013738020165948222
1078,2,10,6000,150000,0.1112,0.008714159118308548
1079,2,10,6000,500000,0.015,0.0033692622337835325
1080,2,12,20,1500,0.0058,0.002104853846517615
1081,2,12,20,5000,0.0012,0.0009596236862437275
1082,2,12,20,15000,0.0002,0.00039196079803980395
1083,2,12,20,50000,0.0006,0.0006787601968294841
1084,2,12,20,150000,0.0006,0.0006787601968294841
1085,2,12,20,500000,0.0014,0.0010364082655015833
1086,2,12,60,1500,0.0698,0.007062963275226624
1087,2,12,60,5000,0.0054,0.002031384697392397
1088,2,12,60,15000,0.0002,0.00039196079803980395
1089,2,12,60,50000,0.0006,0.0006787601968294841
1090,2,12,60,150000,0.0002,0.00039196079803980395
1091,2,12,60,500000,0.0012,0.0009596236862437275
1092,2,12,200,1500,0.4,0.013579278331339999
1093,2,12,200,5000,0.0688,0.007015954630640081
1094,2,12,200,15000,0.0074,0.0023756040909208758
1095,2,12,200,50000,0.0006,0.0006787601968294841
1096,2,12,200,150000,0.0006,0.0006787601968294841
1097,2,12,200,500000,0.001,0.0008761002682341788
1098,2,12,600,1500,0.6022,0.01356668789834866
1099,2,12,600,5000,0.346,0.013185542191354892
1100,2,12,600,15000,0.0686,0.007006501895582417
1101,2,12,600,50000,0.0084,0.0025297579609124664
1102,2,12,600,150000,0.0022,0.001298686001772561
1103,2,12,600,500000,0.0008,0.0007836863372548995
1104,2,12,2000,1500,0.6926,0.012789814462954496
1105,2,12,2000,5000,0.6216,0.013443183782899049
1106,2,12,2000,15000,0.3742,0.013413457580922229
1107,2,12,2000,50000,0.0736,0.0072378445198000765
1108,2,12,2000,150000,0.0082,0.0024997124160991
1109,2,12,2000,500000,0.0012,0.0009596236862437275
1110,2,12,6000,1500,0.7274,0.012342997564481652
1111,2,12,6000,5000,0.6972,0.012735842915614184
1112,2,12,6000,15000,0.5986,0.01358714185150063
1113,2,12,6000,50000,0.3448,0.01317472752762652
1114,2,12,6000,150000,0.0806,0.007545548931973074
1115,2,12,6000,500000,0.008,0.002469288869290104
1116,2,14,20,1500,0.0018,0.001174941123290865
1117,2,14,20,5000,0.0,0.0
1118,2,14,20,15000,0.0006,0.0006787601968294841
1119,2,14,20,50000,0.0006,0.0006787601968294841
1120,2,14,20,150000,0.0002,0.00039196079803980395
1121,2,14,20,500000,0.0002,0.00039196079803980395
1122,2,14,60,1500,0.0392,0.005379359883406203
1123,2,14,60,5000,0.0022,0.001298686001772561
1124,2,14,60,15000,0.0006,0.0006787601968294841
1125,2,14,60,50000,0.0006,0.0006787601968294841
1126,2,14,60,150000,0.0002,0.00039196079803980395
1127,2,14,60,500000,0.0,0.0
1128,2,14,200,1500,0.318,0.01290853083507182
1129,2,14,200,5000,0.0406,0.00547058717550502
1130,2,14,200,15000,0.003,0.0015159304469532895
1131,2,14,200,50000,0.0004,0.0005542608310173108
1132,2,14,200,150000,0.0002,0.00039196079803980395
1133,2,14,200,500000,0.0002,0.00039196079803980395
1134,2,14,600,1500,0.5444,0.013804541451449954
1135,2,14,600,5000,0.268,0.012277049495705392
1136,2,14,600,15000,0.0418,0.005547372041174091
1137,2,14,600,50000,0.0058,0.002104853846517615
1138,2,14,600,150000,0.0006,0.0006787601968294841
1139,2,14,600,500000,0.0004,0.0005542608310173108
1140,2,14,2000,1500,0.6364,0.013333620556053033
1141,2,14,2000,5000,0.534,0.013827213098813513
1142,2,14,2000,15000,0.2944,0.012633371231971297
1143,2,14,2000,50000,0.039,0.005366177902380799
1144,2,14,2000,150000,0.005,0.00195509385963948
1145,2,14,2000,500000,0.0004,0.0005542608310173108
1146,2,14,6000,1500,0.6642,0.013090639127070916
1147,2,14,6000,5000,0.6298,0.01338414412307339
1148,2,14,6000,15000,0.5424,0.013809371638014526
1149,2,14,6000,50000,0.2606,0.012167405950522075
1150,2,14,6000,150000,0.0508,0.006086698503721045
1151,2,14,6000,500000,0.0026,0.0014115375151939815
1152,2,16,20,1500,0.0018,0.001174941123290865
1153,2,16,20,5000,0.0002,0.00039196079803980395
1154,2,16,20,15000,0.0004,0.0005542608310173108
1155,2,16,20,50000,0.0,0.0
1156,2,16,20,150000,0.0,0.0
1157,2,16,20,500000,0.0002,0.00039196079803980395
1158,2,16,60,1500,0.0308,0.004789091449868127
1159,2,16,60,5000,0.0008,0.0007836863372548995
1160,2,16,60,15000,0.0002,0.00039196079803980395
1161,2,16,60,50000,0.0,0.0
1162,2,16,60,150000,0.0002,0.00039196079803980395
1163,2,16,60,500000,0.0006,0.0006787601968294841
1164,2,16,200,1500,0.2614,0.012179473434134992
1165,2,16,200,5000,0.0236,0.004207663067879842
1166,2,16,200,15000,0.001,0.0008761002682341788
1167,2,16,200,50000,0.0,0.0
1168,2,16,200,150000,0.0,0.0
1169,2,16,200,500000,0.0004,0.0005542608310173108
1170,2,16,600,1500,0.4734,0.013839666451934454
1171,2,16,600,5000,0.2122,0.011333178973756658
1172,2,16,600,15000,0.0312,0.0048190943733444356
1173,2,16,600,50000,0.0024,0.0013562973408511865
1174,2,16,600,150000,0.0,0.0
1175,2,16,600,500000,0.0002,0.00039196079803980395
1176,2,16,2000,1500,0.5834,0.013665134618466078
1177,2,16,2000,5000,0.4696,0.01383365278546487
1178,2,16,2000,15000,0.2344,0.011742236824591811
1179,2,16,2000,50000,0.031,0.004804119532234809
1180,2,16,2000,150000,0.0032,0.0015654891897422991
1181,2,16,2000,500000,0.0004,0.0005542608310173108
1182,2,16,6000,1500,0.6038,0.01355735159458513
1183,2,16,6000,5000,0.556,0.013772093104535709
1184,2,16,6000,15000,0.4638,0.013822921642662958
1185,2,16,6000,50000,0.1992,0.011070768477174472
1186,2,16,6000,150000,0.0278,0.004556918648736226
1187,2,16,6000,500000,0.0028,0.00146467483463054
1188,2,18,20,1500,0.0008,0.0007836863372548995
1189,2,18,20,5000,0.0004,0.0005542608310173108
1190,2,18,20,15000,0.0,0.0
1191,2,18,20,50000,0.0006,0.0006787601968294841
1192,2,18,20,150000,0.0002,0.00039196079803980395
1193,2,18,20,500000,0.0006,0.0006787601968294841
1194,2,18,60,1500,0.0132,0.0031635347197715405
1195,2,18,60,5000,0.0006,0.0006787601968294841
1196,2,18,60,15000,0.0,0.0
1197,2,18,60,50000,0.0,0.0
1198,2,18,60,150000,0.0,0.0
1199,2,18,60,500000,0.0002,0.00039196079803980395
1200,2,18,200,1500,0.2072,0.011234345227524388
1201,2,18,200,5000,0.0172,0.0036038596270110187
1202,2,18,200,15000,0.001,0.0008761002682341788
1203,2,18,200,50000,0.0008,0.0007836863372548995
1204,2,18,200,150000,0.001,0.0008761002682341788
1205,2,18,200,500000,0.0004,0.0005542608310173108
1206,2,18,600,1500,0.4022,0.013591583503448006
1207,2,18,600,5000,0.16,0.010161801415103523
1208,2,18,600,15000,0.0192,0.0038037495337101255
1209,2,18,600,50000,0.0006,0.0006787601968294841
1210,2,18,600,150000,0.0006,0.0006787601968294841
1211,2,18,600,500000,0.0,0.0
1212,2,18,2000,1500,0.506,0.013858295006240846
1213,2,18,2000,5000,0.3976,0.013565529141054543
1214,2,18,2000,15000,0.1704,0.010421740044196073
1215,2,18,2000,50000,0.0198,0.0038615442283107416
1216,2,18,2000,150000,0.002,0.001238372609516215
1217,2,18,2000,500000,0.0004,0.0005542608310173108
1218,2,18,6000,1500,0.5384,0.013818359745671697
1219,2,18,6000,5000,0.507,0.01385793463399218
1220,2,18,6000,15000,0.3926,0.013535790083951508
1221,2,18,6000,50000,0.1582,0.010115300043162337
1222,2,18,6000,150000,0.0162,0.0034993065168973125
1223,2,18,6000,500000,0.0006,0.0006787601968294841
1224,2,20,20,1500,0.0,0.0
1225,2,20,20,5000,0.0004,0.0005542608310173108
1226,2,20,20,15000,0.0004,0.0005542608310173108
1227,2,20,20,50000,0.0002,0.00039196079803980395
1228,2,20,20,150000,0.0,0.0
1229,2,20,20,500000,0.0,0.0
1230,2,20,60,1500,0.0152,0.003391305257153947
1231,2,20,60,5000,0.0002,0.00039196079803980395
1232,2,20,60,15000,0.0,0.0
1233,2,20,60,50000,0.0004,0.0005542608310173108
1234,2,20,60,150000,0.0006,0.0006787601968294841
1235,2,20,60,500000,0.0002,0.00039196079803980395
1236,2,20,200,1500,0.1688,0.010382694071347764
1237,2,20,200,5000,0.0086,0.002559438815990724
1238,2,20,200,15000,0.0008,0.0007836863372548995
1239,2,20,200,50000,0.0004,0.0005542608310173108
1240,2,20,200,150000,0.0006,0.0006787601968294841
1241,2,20,200,500000,0.0002,0.00039196079803980395
1242,2,20,600,1500,0.334,0.01307318530733807
1243,2,20,600,5000,0.132,0.009382485402066983
1244,2,20,600,15000,0.0126,0.0030917395616060547
1245,2,20,600,50000,0.001,0.0008761002682341788
1246,2,20,600,150000,0.0002,0.00039196079803980395
1247,2,20,600,500000,0.0002,0.00039196079803980395
1248,2,20,2000,1500,0.4548,0.013802546558776753
1249,2,20,2000,5000,0.3252,0.012984758436998357
1250,2,20,2000,15000,0.1394,0.009600705034777394
1251,2,20,2000,50000,0.0096,0.002702788121329528
1252,2,20,2000,150000,0.0012,0.0009596236862437275
1253,2,20,2000,500000,0.0004,0.0005542608310173108
1254,2,20,6000,1500,0.4772,0.013844876183310562
1255,2,20,6000,5000,0.4448,0.013774574339238217
1256,2,20,6000,15000,0.3342,0.01307513517311389
1257,2,20,6000,50000,0.1276,0.009248136577538202
1258,2,20,6000,150000,0.0112,0.0029169857625980966
1259,2,20,6000,500000,0.0006,0.0006787601968294841
1260,2,22,20,1500,0.0006,0.0006787601968294841
1261,2,22,20,5000,0.0,0.0
1262,2,22,20,15000,0.0002,0.00039196079803980395
1263,2,22,20,50000,0.0,0.0
1264,2,22,20,150000,0.0002,0.00039196079803980395
1265,2,22,20,500000,0.0002,0.00039196079803980395
1266,2,22,60,1500,0.0084,0.0025297579609124664
1267,2,22,60,5000,0.0004,0.0005542608310173108
1268,2,22,60,15000,0.0002,0.00039196079803980395
1269,2,22,60,50000,0.0,0.0
1270,2,22,60,150000,0.0004,0.0005542608310173108
1271,2,22,60,500000,0.0,0.0
1272,2,22,200,1500,0.1328,0.009406536419490437
1273,2,22,200,5000,0.0058,0.002104853846517615
1274,2,22,200,15000,0.0002,0.00039196079803980395
1275,2,22,200,50000,0.0,0.0
1276,2,22,200,150000,0.0,0.0
1277,2,22,200,500000,0.0002,0.00039196079803980395
1278,2,22,600,1500,0.2994,0.012694980370398372
1279,2,22,600,5000,0.0874,0.007828292017854213
1280,2,22,600,15000,0.0082,0.0024997124160991
1281,2,22,600,50000,0.0002,0.00039196079803980395
1282,2,22,600,150000,0.0004,0.0005542608310173108
1283,2,22,600,500000,0.0002,0.00039196079803980395
1284,2,22,2000,1500,0.4026,0.0135937902204205
1285,2,22,2000,5000,0.2928,0.012613271133659183
1286,2,22,2000,15000,0.1098,0.00866594711195493
1287,2,22,2000,50000,0.0054,0.002031384697392397
1288,2,22,2000,150000,0.0004,0.0005542608310173108
1289,2,22,2000,500000,0.0002,0.00039196079803980395
1290,2,22,6000,1500,0.4478,0.01378355726694673
1291,2,22,6000,5000,0.3956,0.013553811409518725
1292,2,22,6000,15000,0.3,0.012702251768879406
1293,2,22,6000,50000,0.087,0.007812069247004919
1294,2,22,6000,150000,0.0074,0.0023756040909208758
1295,2,22,6000,500000,0.0002,0.00039196079803980395
1296,2,24,20,1500,0.0,0.0
1297,2,24,20,5000,0.0,0.0
1298,2,24,20,15000,0.0002,0.00039196079803980395
1299,2,24,20,50000,0.0004,0.0005542608310173108
1300,2,24,20,150000,0.0002,0.00039196079803980395
1301,2,24,20,500000,0.0002,0.00039196079803980395
1302,2,24,60,1500,0.005,0.00195509385963948
1303,2,24,60,5000,0.0,0.0
1304,2,24,60,15000,0.0006,0.0006787601968294841
1305,2,24,60,50000,0.0002,0.00039196079803980395
1306,2,24,60,150000,0.0002,0.00039196079803980395
1307,2,24,60,500000,0.0002,0.00039196079803980395
1308,2,24,200,1500,0.1068,0.00856112922944164
1309,2,24,200,5000,0.0032,0.0015654891897422991
1310,2,24,200,15000,0.0,0.0
1311,2,24,200,50000,0.0,0.0
1312,2,24,200,150000,0.0002,0.00039196079803980395
1313,2,24,200,500000,0.0,0.0
1314,2,24,600,1500,0.2492,0.0119896697316982
1315,2,24,600,5000,0.074,0.0072559189411128345
1316,2,24,600,15000,0.0032,0.0015654891897422991
1317,2,24,600,50000,0.0006,0.0006787601968294841
1318,2,24,600,150000,0.0,0.0
1319,2,24,600,500000,0.0,0.0
1320,2,24,2000,1500,0.344,0.013167466137416114
1321,2,24,2000,5000,0.2548,0.012078338706428132
1322,2,24,2000,15000,0.0902,0.007940490019337597
1323,2,24,2000,50000,0.0058,0.002104853846517615
1324,2,24,2000,150000,0.0,0.0
1325,2,24,2000,500000,0.0,0.0
1326,2,24,6000,1500,0.3928,0.013537008144017643
1327,2,24,6000,5000,0.3482,0.013205128467500798
1328,2,24,6000,15000,0.2478,0.011967085247929003
1329,2,24,6000,50000,0.0628,0.006724608899497427
1330,2,24,6000,150000,0.0022,0.001298686001772561
1331,2,24,6000,500000,0.0004,0.0005542608310173108
1332,2,26,20,1500,0.0004,0.0005542608310173108
1333,2,26,20,5000,0.0,0.0
1334,2,26,20,15000,0.0002,0.00039196079803980395
1335,2,26,20,50000,0.0,0.0
1336,2,26,20,150000,0.0002,0.00039196079803980395
1337,2,26,20,500000,0.0002,0.00039196079803980395
1338,2,26,60,1500,0.0044,0.0018345935039675684
1339,2,26,60,5000,0.0,0.0
1340,2,26,60,15000,0.0,0.0
1341,2,26,60,50000,0.0,0.0
1342,2,26,60,150000,0.0004,0.0005542608310173108
1343,2,26,60,500000,0.0,0.0
1344,2,26,200,1500,0.0728,0.007201508378888412
1345,2,26,200,5000,0.0028,0.00146467483463054
1346,2,26,200,15000,0.0002,0.00039196079803980395
1347,2,26,200,50000,0.0,0.0
1348,2,26,200,150000,0.0,0.0
1349,2,26,200,500000,0.0,0.0
1350,2,26,600,1500,0.2092,0.011274187145652674
1351,2,26,600,5000,0.0588,0.0065207971674635
1352,2,26,600,15000,0.0024,0.0013562973408511865
1353,2,26,600,50000,0.0,0.0
1354,2,26,600,150000,0.0,0.0
1355,2,26,600,500000,0.0,0.0
1356,2,26,2000,1500,0.3024,0.012731078574763412
1357,2,26,2000,5000,0.2116,0.011321454061241427
1358,2,26,2000,15000,0.0662,0.006891710070744415
1359,2,26,2000,50000,0.003,0.0015159304469532895
1360,2,26,2000,150000,0.0,0.0
1361,2,26,2000,500000,0.0002,0.00039196079803980395
1362,2,26,6000,1500,0.339,0.013121142377095068
1363,2,26,6000,5000,0.2942,0.012630868984959031
1364,2,26,6000,15000,0.2014,0.011116433011213624
1365,2,26,6000,50000,0.0488,0.005971960148828858
1366,2,26,6000,150000,0.0034,0.0016135074281824673
1367,2,26,6000,500000,0.0002,0.00039196079803980395
1368,2,28,20,1500,0.0004,0.0005542608310173108
1369,2,28,20,5000,0.0,0.0
1370,2,28,20,15000,0.0,0.0
1371,2,28,20,50000,0.0,0.0
1372,2,28,20,150000,0.0,0.0
1373,2,28,20,500000,0.0,0.0
1374,2,28,60,1500,0.0022,0.001298686001772561
1375,2,28,60,5000,0.0,0.0
1376,2,28,60,15000,0.0002,0.00039196079803980395
1377,2,28,60,50000,0.0,0.0
1378,2,28,60,150000,0.0,0.0
1379,2,28,60,500000,0.0,0.0
1380,2,28,200,1500,0.06,0.006582799404508692
1381,2,28,200,5000,0.0022,0.001298686001772561
1382,2,28,200,15000,0.0,0.0
1383,2,28,200,50000,0.0002,0.00039196079803980395
1384,2,28,200,150000,0.0,0.0
1385,2,28,200,500000,0.0,0.0
1386,2,28,600,1500,0.172,0.010460452242613605
1387,2,28,600,5000,0.0392,0.005379359883406203
1388,2,28,600,15000,0.002,0.001238372609516215
1389,2,28,600,50000,0.0002,0.00039196079803980395
1390,2,28,600,150000,0.0,0.0
1391,2,28,600,500000,0.0,0.0
1392,2,28,2000,1500,0.2656,0.012241973600886418
1393,2,28,2000,5000,0.1756,0.010546353313103064
1394,2,28,2000,15000,0.0448,0.005733993985626424
1395,2,28,2000,50000,0.0022,0.001298686001772561
1396,2,28,2000,150000,0.0008,0.0007836863372548995
1397,2,28,2000,500000,0.0,0.0
1398,2,28,6000,1500,0.296,0.01265328395634904
1399,2,28,6000,5000,0.263,0.012203451721541738
1400,2,28,6000,15000,0.1774,0.010588689894259817
1401,2,28,6000,50000,0.0376,0.0052728182138966255
1402,2,28,6000,150000,0.0014,0.0010364082655015833
1403,2,28,6000,500000,0.0,0.0
1404,2,30,20,1500,0.0,0.0
1405,2,30,20,5000,0.0,0.0
1406,2,30,20,15000,0.0002,0.00039196079803980395
1407,2,30,20,50000,0.0,0.0
1408,2,30,20,150000,0.0,0.0
1409,2,30,20,500000,0.0004,0.0005542608310173108
1410,2,30,60,1500,0.0018,0.001174941123290865
1411,2,30,60,5000,0.0006,0.0006787601968294841
1412,2,30,60,15000,0.0,0.0
1413,2,30,60,50000,0.0,0.0
1414,2,30,60,150000,0.0,0.0
1415,2,30,60,500000,0.0,0.0
1416,2,30,200,1500,0.0454,0.005770450376599733
1417,2,30,200,5000,0.0008,0.0007836863372548995
1418,2,30,200,15000,0.0,0.0
1419,2,30,200,50000,0.0002,0.00039196079803980395
1420,2,30,200,150000,0.0,0.0
1421,2,30,200,500000,0.0002,0.00039196079803980395
1422,2,30,600,1500,0.1596,0.010151507377173106
1423,2,30,600,5000,0.0288,0.004635767537226171
1424,2,30,600,15000,0.0014,0.0010364082655015833
1425,2,30,600,50000,0.0,0.0
1426,2,30,600,150000,0.0,0.0
1427,2,30,600,500000,0.0002,0.00039196079803980395
1428,2,30,2000,1500,0.2356,0.011763025850723953
1429,2,30,2000,5000,0.1494,0.009881185607243699
1430,2,30,2000,15000,0.0376,0.0052728182138966255
1431,2,30,2000,50000,0.001,0.0008761002682341788
1432,2,30,2000,150000,0.0,0.0
1433,2,30,2000,500000,0.0002,0.00039196079803980395
1434,2,30,6000,1500,0.265,0.012233132387087129
1435,2,30,6000,5000,0.222,0.011519598826348077
1436,2,30,6000,15000,0.148,0.009842869435281561
1437,2,30,6000,50000,0.0322,0.004893187007585138
1438,2,30,6000,150000,0.0016,0.0011078560830721652
1439,2,30,6000,500000,0.0002,0.00039196079803980395
1440,2,32,20,1500,0.0002,0.00039196079803980395
1441,2,32,20,5000,0.0,0.0
1442,2,32,20,15000,0.0002,0.00039196079803980395
1443,2,32,20,50000,0.0,0.0
1444,2,32,20,150000,0.0,0.0
1445,2,32,20,500000,0.0002,0.00039196079803980395
1446,2,32,60,1500,0.001,0.0008761002682341788
1447,2,32,60,5000,0.0002,0.00039196079803980395
1448,2,32,60,15000,0.0002,0.00039196079803980395
1449,2,32,60,50000,0.0002,0.00039196079803980395
1450,2,32,60,150000,0.0,0.0
1451,2,32,60,500000,0.0,0.0
1452,2,32,200,1500,0.0348,0.0050800659195723045
1453,2,32,200,5000,0.0012,0.0009596236862437275
1454,2,32,200,15000,0.0,0.0
1455,2,32,200,50000,0.0,0.0
1456,2,32,200,150000,0.0002,0.00039196079803980395
1457,2,32,200,500000,0.0,0.0
1458,2,32,600,1500,0.1298,0.009315752782636516
1459,2,32,600,5000,0.0266,0.004460233121799801
1460,2,32,600,15000,0.0018,0.001174941123290865
1461,2,32,600,50000,0.0,0.0
1462,2,32,600,150000,0.0002,0.00039196079803980395
1463,2,32,600,500000,0.0002,0.00039196079803980395
1464,2,32,2000,1500,0.1988,0.011062409467164013
1465,2,32,2000,5000,0.119,0.00897495963667804
1466,2,32,2000,15000,0.0292,0.004666888003284415
1467,2,32,2000,50000,0.0008,0.0007836863372548995
1468,2,32,2000,150000,0.0,0.0
1469,2,32,2000,500000,0.0,0.0
1470,2,32,6000,1500,0.2342,0.011738759244281314
1471,2,32,6000,5000,0.1958,0.010999158169387327
1472,2,32,6000,15000,0.1202,0.009013952845849594
1473,2,32,6000,50000,0.0244,0.004276631969763122
1474,2,32,6000,150000,0.0004,0.0005542608310173108
1475,2,32,6000,500000,0.0,0.0
1476,2,34,20,1500,0.0,0.0
1477,2,34,20,5000,0.0,0.0
1478,2,34,20,15000,0.0,0.0
1479,2,34,20,50000,0.0,0.0
1480,2,34,20,150000,0.0,0.0
1481,2,34,20,500000,0.0,0.0
1482,2,34,60,1500,0.0012,0.0009596236862437275
1483,2,34,60,5000,0.0,0.0
1484,2,34,60,15000,0.0,0.0
1485,2,34,60,50000,0.0,0.0
1486,2,34,60,150000,0.0002,0.00039196079803980395
1487,2,34,60,500000,0.0,0.0
1488,2,34,200,1500,0.0268,0.004476509560271261
1489,2,34,200,5000,0.0002,0.00039196079803980395
1490,2,34,200,15000,0.0,0.0
1491,2,34,200,50000,0.0,0.0
1492,2,34,200,150000,0.0,0.0
1493,2,34,200,500000,0.0,0.0
1494,2,34,600,1500,0.1032,0.008432545973974883
1495,2,34,600,5000,0.0144,0.0033021945982634033
1496,2,34,600,15000,0.0,0.0
1497,2,34,600,50000,0.0,0.0
1498,2,34,600,150000,0.0,0.0
1499,2,34,600,500000,0.0002,0.00039196079803980395
1500,2,34,2000,1500,0.171,0.010436296032597004
1501,2,34,2000,5000,0.1076,0.008589284454295364
1502,2,34,2000,15000,0.0182,0.003705256493577739
1503,2,34,2000,50000,0.0002,0.00039196079803980395
1504,2,34,2000,150000,0.0,0.0
1505,2,34,2000,500000,0.0,0.0
1506,2,34,6000,1500,0.2022,0.011132909041719508
1507,2,34,6000,5000,0.1736,0.01049883435876574
1508,2,34,6000,15000,0.0976,0.008226129106499606
1509,2,34,6000,50000,0.0168,0.0035624325064764384
1510,2,34,6000,150000,0.001,0.0008761002682341788
1511,2,34,6000,500000,0.0,0.0
1512,2,36,20,1500,0.0,0.0
1513,2,36,20,5000,0.0004,0.0005542608310173108
1514,2,36,20,15000,0.0002,0.00039196079803980395
1515,2,36,20,50000,0.0,0.0
1516,2,36,20,150000,0.0002,0.00039196079803980395
1517,2,36,20,500000,0.0,0.0
1518,2,36,60,1500,0.0006,0.0006787601968294841
1519,2,36,60,5000,0.0,0.0
1520,2,36,60,15000,0.0,0.0
1521,2,36,60,50000,0.0,0.0
1522,2,36,60,150000,0.0002,0.00039196079803980395
1523,2,36,60,500000,0.0,0.0
1524,2,36,200,1500,0.0202,0.0038995587836574536
1525,2,36,200,5000,0.0004,0.0005542608310173108
1526,2,36,200,15000,0.0,0.0
1527,2,36,200,50000,0.0,0.0
1528,2,36,200,150000,0.0,0.0
1529,2,36,200,500000,0.0,0.0
1530,2,36,600,1500,0.086,0.007771294955153871
1531,2,36,600,5000,0.0116,0.0029680173282513023
1532,2,36,600,15000,0.0002,0.00039196079803980395
1533,2,36,600,50000,0.0,0.0
1534,2,36,600,150000,0.0,0.0
1535,2,36,600,500000,0.0,0.0
1536,2,36,2000,1500,0.1556,0.010047314063211124
1537,2,36,2000,5000,0.0916,0.007995716161845667
1538,2,36,2000,15000,0.0144,0.0033021945982634033
1539,2,36,2000,50000,0.0002,0.00039196079803980395
1540,2,36,2000,150000,0.0,0.0
1541,2,36,2000,500000,0.0,0.0
1542,2,36,6000,1500,0.1822,0.010699631203513511
1543,2,36,6000,5000,0.1482,0.009848361662896016
1544,2,36,6000,15000,0.0926,0.008034816264034916
1545,2,36,6000,50000,0.011,0.002891116268848418
1546,2,36,6000,150000,0.0002,0.00039196079803980395
1547,2,36,6000,500000,0.0,0.0
1548,2,38,20,1500,0.0002,0.00039196079803980395
1549,2,38,20,5000,0.0,0.0
1550,2,38,20,15000,0.0,0.0
1551,2,38,20,50000,0.0002,0.00039196079803980395
1552,2,38,20,150000,0.0,0.0
1553,2,38,20,500000,0.0,0.0
1554,2,38,60,1500,0.0004,0.0005542608310173108
1555,2,38,60,5000,0.0,0.0
1556,2,38,60,15000,0.0,0.0
1557,2,38,60,50000,0.0002,0.00039196079803980395
1558,2,38,60,150000,0.0,0.0
1559,2,38,60,500000,0.0,0.0
1560,2,38,200,1500,0.0186,0.00374498918727411
1561,2,38,200,5000,0.0002,0.00039196079803980395
1562,2,38,200,15000,0.0,0.0
1563,2,38,200,50000,0.0,0.0
1564,2,38,200,150000,0.0,0.0
1565,2,38,200,500000,0.0,0.0
1566,2,38,600,1500,0.0716,0.007146528767226786
1567,2,38,600,5000,0.011,0.002891116268848418
1568,2,38,600,15000,0.0,0.0
1569,2,38,600,50000,0.0,0.0
1570,2,38,600,150000,0.0002,0.00039196079803980395
1571,2,38,600,500000,0.0,0.0
1572,2,38,2000,1500,0.1222,0.009078298539440087
1573,2,38,2000,5000,0.0628,0.006724608899497427
1574,2,38,2000,15000,0.0128,0.0031158649603601246
1575,2,38,2000,50000,0.0002,0.00039196079803980395
1576,2,38,2000,150000,0.0002,0.00039196079803980395
1577,2,38,2000,500000,0.0002,0.00039196079803980395
1578,2,38,6000,1500,0.148,0.009842869435281561
1579,2,38,6000,5000,0.1292,0.009297400434271937
1580,2,38,6000,15000,0.0738,0.007246889485786299
1581,2,38,6000,50000,0.0102,0.002785126206691539
1582,2,38,6000,150000,0.0,0.0
1583,2,38,6000,500000,0.0,0.0
1584,2,40,20,1500,0.0002,0.00039196079803980395
1585,2,40,20,5000,0.0,0.0
1586,2,40,20,15000,0.0,0.0
1587,2,40,20,50000,0.0,0.0
1588,2,40,20,150000,0.0,0.0
1589,2,40,20,500000,0.0002,0.00039196079803980395
1590,2,40,60,1500,0.0004,0.0005542608310173108
1591,2,40,60,5000,0.0002,0.00039196079803980395
1592,2,40,60,15000,0.0,0.0
1593,2,40,60,50000,0.0,0.0
1594,2,40,60,150000,0.0,0.0
1595,2,40,60,500000,0.0,0.0
1596,2,40,200,1500,0.0138,0.0032336507447774873
1597,2,40,200,5000,0.0,0.0
1598,2,40,200,15000,0.0,0.0
1599,2,40,200,50000,0.0,0.0
1600,2,40,200,150000,0.0,0.0
1601,2,40,200,500000,0.0,0.0
1602,2,40,600,1500,0.0552,0.006330099701205344
1603,2,40,600,5000,0.0092,0.002646415197054309
1604,2,40,600,15000,0.0,0.0
1605,2,40,600,50000,0.0,0.0
1606,2,40,600,150000,0.0,0.0
1607,2,40,600,500000,0.0002,0.00039196079803980395
1608,2,40,2000,1500,0.1074,0.008582259678942371
1609,2,40,2000,5000,0.0594,0.006551892737583545
1610,2,40,2000,15000,0.0092,0.002646415197054309
1611,2,40,2000,50000,0.0002,0.00039196079803980395
1612,2,40,2000,150000,0.0,0.0
1613,2,40,2000,500000,0.0,0.0
1614,2,40,6000,1500,0.1488,0.00986480130662549
1615,2,40,6000,5000,0.1048,0.008490079311007643
1616,2,40,6000,15000,0.0572,0.006436931247978341
1617,2,40,6000,50000,0.008,0.002469288869290104
1618,2,40,6000,150000,0.0,0.0
1619,2,40,6000,500000,0.0002,0.00039196079803980395
1620,2,42,20,1500,0.0,0.0
1621,2,42,20,5000,0.0002,0.00039196079803980395
1622,2,42,20,15000,0.0,0.0
1623,2,42,20,50000,0.0,0.0
1624,2,42,20,150000,0.0,0.0
1625,2,42,20,500000,0.0002,0.00039196079803980395
1626,2,42,60,1500,0.0004,0.0005542608310173108
1627,2,42,60,5000,0.0,0.0
1628,2,42,60,15000,0.0,0.0
1629,2,42,60,50000,0.0,0.0
1630,2,42,60,150000,0.0,0.0
1631,2,42,60,500000,0.0002,0.00039196079803980395
1632,2,42,200,1500,0.0108,0.002865002470365427
1633,2,42,200,5000,0.0,0.0
1634,2,42,200,15000,0.0,0.0
1635,2,42,200,50000,0.0,0.0
1636,2,42,200,150000,0.0002,0.00039196079803980395
1637,2,42,200,500000,0.0,0.0
1638,2,42,600,1500,0.0504,0.006063965061640774
1639,2,42,600,5000,0.006,0.0021406215172234443
1640,2,42,600,15000,0.0002,0.00039196079803980395
1641,2,42,600,50000,0.0002,0.00039196079803980395
1642,2,42,600,150000,0.0,0.0
1643,2,42,600,500000,0.0,0.0
1644,2,42,2000,1500,0.1004,0.008330338496651862
1645,2,42,2000,5000,0.046,0.00580663025170365
1646,2,42,2000,15000,0.0058,0.002104853846517615
1647,2,42,2000,50000,0.0,0.0
1648,2,42,2000,150000,0.0,0.0
1649,2,42,2000,500000,0.0002,0.00039196079803980395
1650,2,42,6000,1500,0.107,0.008568182089568359
1651,2,42,6000,5000,0.0896,0.007916645508597692
1652,2,42,6000,15000,0.0488,0.005971960148828858
1653,2,42,6000,50000,0.004,0.0017495676265866374
1654,2,42,6000,150000,0.0,0.0
1655,2,42,6000,500000,0.0,0.0
1656,2,44,20,1500,0.0,0.0
1657,2,44,20,5000,0.0,0.0
1658,2,44,20,15000,0.0,0.0
1659,2,44,20,50000,0.0,0.0
1660,2,44,20,150000,0.0,0.0
1661,2,44,20,500000,0.0,0.0
1662,2,44,60,1500,0.0002,0.00039196079803980395
1663,2,44,60,5000,0.0,0.0
1664,2,44,60,15000,0.0,0.0
1665,2,44,60,50000,0.0002,0.00039196079803980395
1666,2,44,60,150000,0.0,0.0
1667,2,44,60,500000,0.0,0.0
1668,2,44,200,1500,0.0076,0.002407250264679599
1669,2,44,200,5000,0.0004,0.0005542608310173108
1670,2,44,200,15000,0.0002,0.00039196079803980395
1671,2,44,200,50000,0.0,0.0
1672,2,44,200,150000,0.0,0.0
1673,2,44,200,500000,0.0002,0.00039196079803980395
1674,2,44,600,1500,0.0386,0.005339699048897794
1675,2,44,600,5000,0.004,0.0017495676265866374
1676,2,44,600,15000,0.0002,0.00039196079803980395
1677,2,44,600,50000,0.0002,0.00039196079803980395
1678,2,44,600,150000,0.0,0.0
1679,2,44,600,500000,0.0,0.0
1680,2,44,2000,1500,0.08,0.007519863828554344
1681,2,44,2000,5000,0.038,0.005299689228624637
1682,2,44,2000,15000,0.0058,0.002104853846517615
1683,2,44,2000,50000,0.0002,0.00039196079803980395
1684,2,44,2000,150000,0.0,0.0
1685,2,44,2000,500000,0.0,0.0
1686,2,44,6000,1500,0.0932,0.008058139492662063
1687,2,44,6000,5000,0.0762,0.007354235515619554
1688,2,44,6000,15000,0.0396,0.005405610354881306
1689,2,44,6000,50000,0.0048,0.0019157854543763503
1690,2,44,6000,150000,0.0002,0.00039196079803980395
1691,2,44,6000,500000,0.0,0.0
1692,2,46,20,1500,0.0004,0.0005542608310173108
1693,2,46,20,5000,0.0002,0.00039196079803980395
1694,2,46,20,15000,0.0,0.0
1695,2,46,20,50000,0.0,0.0
1696,2,46,20,150000,0.0002,0.00039196079803980395
1697,2,46,20,500000,0.0,0.0
1698,2,46,60,1500,0.0,0.0
1699,2,46,60,5000,0.0,0.0
1700,2,46,60,15000,0.0,0.0
1701,2,46,60,50000,0.0,0.0
1702,2,46,60,150000,0.0,0.0
1703,2,46,60,500000,0.0,0.0
1704,2,46,200,1500,0.0074,0.0023756040909208758
1705,2,46,200,5000,0.0,0.0
1706,2,46,200,15000,0.0,0.0
1707,2,46,200,50000,0.0002,0.00039196079803980395
1708,2,46,200,150000,0.0,0.0
1709,2,46,200,500000,0.0,0.0
1710,2,46,600,1500,0.0334,0.004980439834070882
1711,2,46,600,5000,0.0028,0.00146467483463054
1712,2,46,600,15000,0.0002,0.00039196079803980395
1713,2,46,600,50000,0.0,0.0
1714,2,46,600,150000,0.0,0.0
1715,2,46,600,500000,0.0,0.0
1716,2,46,2000,1500,0.061,0.006633897894903117
1717,2,46,2000,5000,0.0292,0.004666888003284415
1718,2,46,2000,15000,0.0038,0.001705438787878357
1719,2,46,2000,50000,0.0,0.0
1720,2,46,2000,150000,0.0002,0.00039196079803980395
1721,2,46,2000,500000,0.0,0.0
1722,2,46,6000,1500,0.0794,0.007494053784488072
1723,2,46,6000,5000,0.065,0.006833348227626045
1724,2,46,6000,15000,0.0284,0.00460441004047207
1725,2,46,6000,50000,0.0028,0.00146467483463054
1726,2,46,6000,150000,0.0006,0.0006787601968294841
1727,2,46,6000,500000,0.0,0.0
1728,2,48,20,1500,0.0,0.0
1729,2,48,20,5000,0.0,0.0
1730,2,48,20,15000,0.0,0.0
1731,2,48,20,50000,0.0,0.0
1732,2,48,20,150000,0.0,0.0
1733,2,48,20,500000,0.0,0.0
1734,2,48,60,1500,0.0002,0.00039196079803980395
1735,2,48,60,5000,0.0002,0.00039196079803980395
1736,2,48,60,15000,0.0,0.0
1737,2,48,60,50000,0.0,0.0
1738,2,48,60,150000,0.0,0.0
1739,2,48,60,500000,0.0,0.0
1740,2,48,200,1500,0.0056,0.002068452920614825
1741,2,48,200,5000,0.0,0.0
1742,2,48,200,15000,0.0,0.0
1743,2,48,200,50000,0.0,0.0
1744,2,48,200,150000,0.0,0.0
1745,2,48,200,500000,0.0,0.0
1746,2,48,600,1500,0.0254,0.004361151071540632
1747,2,48,600,5000,0.0028,0.00146467483463054
1748,2,48,600,15000,0.0,0.0
1749,2,48,600,50000,0.0,0.0
1750,2,48,600,150000,0.0,0.0
1751,2,48,600,500000,0.0,0.0
1752,2,48,2000,1500,0.0542,0.00627581838768459
1753,2,48,2000,5000,0.0248,0.004310659864475507
1754,2,48,2000,15000,0.0018,0.001174941123290865
1755,2,48,2000,50000,0.0,0.0
1756,2,48,2000,150000,0.0002,0.00039196079803980395
1757,2,48,2000,500000,0.0,0.0
1758,2,48,6000,1500,0.0774,0.007407101138556162
1759,2,48,6000,5000,0.0574,0.006447490829524304
1760,2,48,6000,15000,0.0302,0.004743682686183805
1761,2,48,6000,50000,0.0034,0.0016135074281824673
1762,2,48,6000,150000,0.0,0.0
1763,2,48,6000,500000,0.0,0.0
1764,2,50,20,1500,0.0,0.0
1765,2,50,20,5000,0.0,0.0
1766,2,50,20,15000,0.0,0.0
1767,2,50,20,50000,0.0,0.0
1768,2,50,20,150000,0.0,0.0
1769,2,50,20,500000,0.0,0.0
1770,2,50,60,1500,0.0,0.0
1771,2,50,60,5000,0.0,0.0
1772,2,50,60,15000,0.0,0.0
1773,2,50,60,50000,0.0002,0.00039196079803980395
1774,2,50,60,150000,0.0,0.0
1775,2,50,60,500000,0.0,0.0
1776,2,50,200,1500,0.0048,0.0019157854543763503
1777,2,50,200,5000,0.0004,0.0005542608310173108
1778,2,50,200,15000,0.0,0.0
1779,2,50,200,50000,0.0,0.0
1780,2,50,200,150000,0.0,0.0
1781,2,50,200,500000,0.0,0.0
1782,2,50,600,1500,0.0202,0.0038995587836574536
1783,2,50,600,5000,0.0012,0.0009596236862437275
1784,2,50,600,15000,0.0,0.0
1785,2,50,600,50000,0.0,0.0
1786,2,50,600,150000,0.0002,0.00039196079803980395
1787,2,50,600,500000,0.0,0.0
1788,2,50,2000,1500,0.046,0.00580663025170365
1789,2,50,2000,5000,0.022,0.004065854537486554
1790,2,50,2000,15000,0.0016,0.0011078560830721652
1791,2,50,2000,50000,0.0,0.0
1792,2,50,2000,150000,0.0,0.0
1793,2,50,2000,500000,0.0002,0.00039196079803980395
1794,2,50,6000,1500,0.0624,0.0067045890490618435
1795,2,50,6000,5000,0.0468,0.005854448804387993
1796,2,50,6000,15000,0.0176,0.003644782187840585
1797,2,50,6000,50000,0.0014,0.0010364082655015833
1798,2,50,6000,150000,0.0002,0.00039196079803980395
1799,2,50,6000,500000,0.0,0.0
1800,1,2,6000,1,0.8826,0.008922510736154928
1801,1,2,6000,10,0.8844,0.008862869470143404
1802,1,4,6000,1,0.789,0.011309692536934857
1803,1,4,6000,10,0.7946,0.011198131656164791
1804,1,6,6000,1,0.6952,0.012759493418909702
1805,1,6,6000,10,0.7146,0.01251784470700927
1806,1,8,6000,1,0.6208,0.013448724208459328
1807,1,8,6000,10,0.6286,0.013393041274214007
1808,1,10,6000,1,0.5714,0.013717256845769127
1809,1,10,6000,10,0.566,0.013738020165948222
1810,1,12,6000,1,0.4942,0.013858360426659425
1811,1,12,6000,10,0.498,0.01385918203646954
1812,1,14,6000,1,0.4322,0.01373128383987455
1813,1,14,6000,10,0.4346,0.01374022461347703
1814,1,16,6000,1,0.39,0.01351973845900874
1815,1,16,6000,10,0.3852,0.013489042960388258
1816,1,18,6000,1,0.334,0.01307318530733807
1817,1,18,6000,10,0.336,0.01309256526735689
1818,1,20,6000,1,0.29,0.012577642386393405
1819,1,20,6000,10,0.2944,0.012633371231971297
1820,1,22,6000,1,0.2592,0.012146161591021257
1821,1,22,6000,10,0.268,0.012277049495705392
1822,1,24,6000,1,0.2222,0.011523305236398105
1823,1,24,6000,10,0.2286,0.011639893305902763
1824,1,26,6000,1,0.2,0.011087434329005066
1825,1,26,6000,10,0.1978,0.011041435546666927
1826,1,28,6000,1,0.1754,0.010541624176036633
1827,1,28,6000,10,0.175,0.01053215077750029
1828,1,30,6000,1,0.1564,0.010068336665646415
1829,1,30,6000,10,0.1552,0.010036767877519137
1830,1,32,6000,1,0.1298,0.009315752782636516
1831,1,32,6000,10,0.1352,0.009478012027171098
1832,1,34,6000,1,0.1102,0.008679767000743742
1833,1,34,6000,10,0.1162,0.008882825524527654
1834,1,36,6000,1,0.104,0.008461390599659136
1835,1,36,6000,10,0.1002,0.008322962241125451
1836,1,38,6000,1,0.0846,0.00771368153535003
1837,1,38,6000,10,0.095,0.00812750342971321
1838,1,40,6000,1,0.0714,0.007137309252988833
1839,1,40,6000,10,0.0748,0.007291882806737915
1840,1,42,6000,1,0.066,0.0068820286311523
1841,1,42,6000,10,0.0678,0.006968518629608448
1842,1,44,6000,1,0.0526,0.006187719689578706
1843,1,44,6000,10,0.0574,0.006447490829524304
1844,1,46,6000,1,0.0458,0.005794600696786621
1845,1,46,6000,10,0.0424,0.0055852943554301595
1846,1,48,6000,1,0.0416,0.005534662423382297
1847,1,48,6000,10,0.0404,0.005457664961208227
1848,1,50,6000,1,0.0358,0.0051498685764978505
1849,1,50,6000,10,0.0344,0.0050518322265095065
1850,2,2,6000,1,0.985,0.0033692622337835342
1851,2,2,6000,10,0.9838,0.0034993065168973116
1852,2,4,6000,1,0.9512,0.005971960148828856
1853,2,4,6000,10,0.9514,0.005960336474797374
1854,2,6,6000,1,0.9064,0.008073631847737423
1855,2,6,6000,10,0.9072,0.008042602009996515
1856,2,8,6000,1,0.847,0.00997834440776625
1857,2,8,6000,10,0.8498,0.009902945726762315
1858,2,10,6000,1,0.8052,0.010977853443510712
1859,2,10,6000,10,0.7926,0.011238348081315155
1860,2,12,6000,1,0.736,0.01221833250816166
1861,2,12,6000,10,0.7428,0.012115532274365827
1862,2,14,6000,1,0.6838,0.01288892065687426
1863,2,14,6000,10,0.6738,0.012995067834343921
1864,2,16,6000,1,0.607,0.013538223824416554
1865,2,16,6000,10,0.627,0.013404766567158116
1866,2,18,6000,1,0.5628,0.013749540677826296
1867,2,18,6000,10,0.5466,0.013798969056447659
1868,2,20,6000,1,0.514,0.013853859003180305
1869,2,20,6000,10,0.4966,0.013858972480700003
1870,2,22,6000,1,0.4648,0.01382490581476778
1871,2,22,6000,10,0.4432,0.013769575711807536
1872,2,24,6000,1,0.3958,0.013554993841208488
1873,2,24,6000,10,0.4016,0.013588255793176695
1874,2,26,6000,1,0.3604,0.013308150018270758
1875,2,26,6000,10,0.3578,0.013286983262245798
1876,2,28,6000,1,0.3052,0.012764189368197261
1877,2,28,6000,10,0.3132,0.012855740255745679
1878,2,30,6000,1,0.2826,0.012480668100578591
1879,2,30,6000,10,0.2798,0.012442896331128054
1880,2,32,6000,1,0.2416,0.01186502605731652
1881,2,32,6000,10,0.2462,0.011941067685060662
1882,2,34,6000,1,0.2056,0.011202172141366155
1883,2,34,6000,10,0.2166,0.01141805364065172
1884,2,36,6000,1,0.194,0.010960729377190188
1885,2,36,6000,10,0.1894,0.010860863518376429
1886,2,38,6000,1,0.1782,0.01060737658439635
1887,2,38,6000,10,0.176,0.010555796496712127
1888,2,40,6000,1,0.1528,0.009972997722410247
1889,2,40,6000,10,0.148,0.009842869435281561
1890,2,42,6000,1,0.1254,0.009179617261563796
1891,2,42,6000,10,0.1354,0.00948392294932851
1892,2,44,6000,1,0.102,0.008388983175570207
1893,2,44,6000,10,0.104,0.008461390599659136
1894,2,46,6000,1,0.0944,0.008104482209543061
1895,2,46,6000,10,0.0932,0.008058139492662063
1896,2,48,6000,1,0.0826,0.007630279748266115
1897,2,48,6000,10,0.0738,0.007246889485786299
1898,2,50,6000,1,0.071,0.00711882145302156
1899,2,50,6000,10,0.0714,0.007137309252988833
