2022-11-10_13-54-28_sAEC1500_nOfM2_nOfCon2_dc200_159784623-configs-1;159784624;16706665583572080814
2022-11-10_13-54-28_sAEC1500_nOfM2_nOfCon2_dc200_159784623-configs-2;159784625;10939372940248268458
2022-11-10_13-54-28_sAEC1500_nOfM2_nOfCon2_dc200_159784623-configs-3;159784626;13778782792027485144
2022-11-10_13-54-28_sAEC1500_nOfM2_nOfCon2_dc200_159784623-configs-4;159784627;1624141991157042084
2022-11-10_13-54-28_sAEC1500_nOfM2_nOfCon2_dc200_159784623-configs-5;159784628;17497204596016714315
2022-11-10_13-54-28_sAEC1500_nOfM2_nOfCon2_dc200_159784623-configs-6;159784629;2644225364780286875
2022-11-10_13-54-28_sAEC1500_nOfM2_nOfCon2_dc200_159784623-configs-7;159784630;17537755201497194209
2022-11-10_13-54-28_sAEC1500_nOfM2_nOfCon2_dc200_159784623-configs-8;159784631;2634779339057014139
2022-11-10_13-54-28_sAEC1500_nOfM2_nOfCon2_dc200_159784623-configs-9;159784632;12998220785029069037
2022-11-10_13-54-28_sAEC1500_nOfM2_nOfCon2_dc200_159784623-configs-10;159784633;15966969168150259844
2022-11-10_13-54-28_sAEC1500_nOfM2_nOfCon2_dc200_159784623-configs-11;159784634;14471031551102328743
2022-11-10_13-54-28_sAEC1500_nOfM2_nOfCon2_dc200_159784623-configs-12;159784635;17907479755245830438
2022-11-10_13-54-28_sAEC1500_nOfM2_nOfCon2_dc200_159784623-configs-13;159784636;7927533538706995608
2022-11-10_13-54-28_sAEC1500_nOfM2_nOfCon2_dc200_159784623-configs-14;159784637;8009161096613480340
2022-11-10_13-54-28_sAEC1500_nOfM2_nOfCon2_dc200_159784623-configs-15;159784638;10181507959838334771
2022-11-10_13-54-28_sAEC1500_nOfM2_nOfCon2_dc200_159784623-configs-16;159784639;17283164816091406005
2022-11-10_13-54-28_sAEC1500_nOfM2_nOfCon2_dc200_159784623-configs-17;159784640;18074953675135656213
2022-11-10_13-54-28_sAEC1500_nOfM2_nOfCon2_dc200_159784623-configs-18;159784641;14961803104587695238
2022-11-10_13-54-28_sAEC1500_nOfM2_nOfCon2_dc200_159784623-configs-19;159784642;10332844024611828833
2022-11-10_13-54-28_sAEC1500_nOfM2_nOfCon2_dc200_159784623-configs-20;159784643;4986627776089330319
2022-11-10_13-54-28_sAEC1500_nOfM2_nOfCon2_dc200_159784623-configs-21;159784644;3348235495888317039
2022-11-10_13-54-28_sAEC1500_nOfM2_nOfCon2_dc200_159784623-configs-22;159784645;1245901983388479020
2022-11-10_13-54-28_sAEC1500_nOfM2_nOfCon2_dc200_159784623-configs-23;159784646;11478493891671694431
2022-11-10_13-54-28_sAEC1500_nOfM2_nOfCon2_dc200_159784623-configs-24;159784647;6251859823107467055
2022-11-10_13-54-28_sAEC1500_nOfM2_nOfCon2_dc200_159784623-configs-25;159784648;3812260683838074599
2022-11-10_13-54-28_sAEC1500_nOfM2_nOfCon2_dc200_159784623-configs-26;159784649;6560698419965524144
2022-11-10_13-54-28_sAEC1500_nOfM2_nOfCon2_dc200_159784623-configs-27;159784650;5725998489972907608
2022-11-10_13-54-28_sAEC1500_nOfM2_nOfCon2_dc200_159784623-configs-28;159784651;9231660890012970355
2022-11-10_13-54-28_sAEC1500_nOfM2_nOfCon2_dc200_159784623-configs-29;159784652;2397651700465112603
2022-11-10_13-54-28_sAEC1500_nOfM2_nOfCon2_dc200_159784623-configs-30;159784653;9122710182434977767
2022-11-10_13-54-28_sAEC1500_nOfM2_nOfCon2_dc200_159784623-configs-31;159784654;5212987678616354094
2022-11-10_13-54-28_sAEC1500_nOfM2_nOfCon2_dc200_159784623-configs-32;159784655;1017928071885859830
2022-11-10_13-54-28_sAEC1500_nOfM2_nOfCon2_dc200_159784623-configs-33;159784656;7727608418051157791
2022-11-10_13-54-28_sAEC1500_nOfM2_nOfCon2_dc200_159784623-configs-34;159784657;7102030337504102333
2022-11-10_13-54-28_sAEC1500_nOfM2_nOfCon2_dc200_159784623-configs-35;159784658;12239396197624713201
2022-11-10_13-54-28_sAEC1500_nOfM2_nOfCon2_dc200_159784623-configs-36;159784659;2283705228160558413
2022-11-10_13-54-28_sAEC1500_nOfM2_nOfCon2_dc200_159784623-configs-37;159784660;17142367817936985566
2022-11-10_13-54-28_sAEC1500_nOfM2_nOfCon2_dc200_159784623-configs-38;159784661;7007576080782265541
2022-11-10_13-54-28_sAEC1500_nOfM2_nOfCon2_dc200_159784623-configs-39;159784662;10929181306985070761
2022-11-10_13-54-28_sAEC1500_nOfM2_nOfCon2_dc200_159784623-configs-40;159784663;6005301467997129252
2022-11-10_13-54-28_sAEC1500_nOfM2_nOfCon2_dc200_159784623-configs-41;159784664;4949233850419734053
2022-11-10_13-54-28_sAEC1500_nOfM2_nOfCon2_dc200_159784623-configs-42;159784665;12910510179622748948
2022-11-10_13-54-28_sAEC1500_nOfM2_nOfCon2_dc200_159784623-configs-43;159784666;12411588310192457175
2022-11-10_13-54-28_sAEC1500_nOfM2_nOfCon2_dc200_159784623-configs-44;159784667;1739087885860858901
2022-11-10_13-54-28_sAEC1500_nOfM2_nOfCon2_dc200_159784623-configs-45;159784668;4406764724489588678
2022-11-10_13-54-28_sAEC1500_nOfM2_nOfCon2_dc200_159784623-configs-46;159784669;14463156522946611357
2022-11-10_13-54-28_sAEC1500_nOfM2_nOfCon2_dc200_159784623-configs-47;159784670;10443293345900425448
2022-11-10_13-54-28_sAEC1500_nOfM2_nOfCon2_dc200_159784623-configs-48;159784671;4065372071456187171
2022-11-10_13-54-28_sAEC1500_nOfM2_nOfCon2_dc200_159784623-configs-49;159784672;8214411656820155420
2022-11-10_13-54-28_sAEC1500_nOfM2_nOfCon2_dc200_159784623-configs-50;159784673;14734479449517110464
2022-11-10_13-54-28_sAEC1500_nOfM2_nOfCon2_dc200_159784623-configs-51;159784674;9496987675054059392
2022-11-10_13-54-28_sAEC1500_nOfM2_nOfCon2_dc200_159784623-configs-52;159784675;6776158162752959862
2022-11-10_13-54-28_sAEC1500_nOfM2_nOfCon2_dc200_159784623-configs-53;159784676;12969157324906519840
2022-11-10_13-54-28_sAEC1500_nOfM2_nOfCon2_dc200_159784623-configs-54;159784677;12500873143281203722
2022-11-10_13-54-28_sAEC1500_nOfM2_nOfCon2_dc200_159784623-configs-55;159784678;9164108843638798449
2022-11-10_13-54-28_sAEC1500_nOfM2_nOfCon2_dc200_159784623-configs-56;159784679;5324758008405689743
2022-11-10_13-54-28_sAEC1500_nOfM2_nOfCon2_dc200_159784623-configs-57;159784680;17846671643493275840
2022-11-10_13-54-28_sAEC1500_nOfM2_nOfCon2_dc200_159784623-configs-58;159784681;12430336230855256950
2022-11-10_13-54-28_sAEC1500_nOfM2_nOfCon2_dc200_159784623-configs-59;159784682;8849110980529296526
2022-11-10_13-54-28_sAEC1500_nOfM2_nOfCon2_dc200_159784623-configs-60;159784683;7225793478945128591
2022-11-10_13-54-28_sAEC1500_nOfM2_nOfCon2_dc200_159784623-configs-61;159784684;9489641273118895972
2022-11-10_13-54-28_sAEC1500_nOfM2_nOfCon2_dc200_159784623-configs-62;159784685;13658887011653682858
2022-11-10_13-54-28_sAEC1500_nOfM2_nOfCon2_dc200_159784623-configs-63;159784686;14993264402239829381
2022-11-10_13-54-28_sAEC1500_nOfM2_nOfCon2_dc200_159784623-configs-64;159784687;10811852880783193585
2022-11-10_13-54-28_sAEC1500_nOfM2_nOfCon2_dc200_159784623-configs-65;159784688;1061166155704129018
2022-11-10_13-54-28_sAEC1500_nOfM2_nOfCon2_dc200_159784623-configs-66;159784689;10510585186493678489
2022-11-10_13-54-28_sAEC1500_nOfM2_nOfCon2_dc200_159784623-configs-67;159784690;15400275655751788661
2022-11-10_13-54-28_sAEC1500_nOfM2_nOfCon2_dc200_159784623-configs-68;159784691;8999971583581658121
2022-11-10_13-54-28_sAEC1500_nOfM2_nOfCon2_dc200_159784623-configs-69;159784692;15247498130401156779
2022-11-10_13-54-28_sAEC1500_nOfM2_nOfCon2_dc200_159784623-configs-70;159784693;9022024746667688629
2022-11-10_13-54-28_sAEC1500_nOfM2_nOfCon2_dc200_159784623-configs-71;159784694;7063865816550044150
2022-11-10_13-54-28_sAEC1500_nOfM2_nOfCon2_dc200_159784623-configs-72;159784695;3227208352740812852
2022-11-10_13-54-28_sAEC1500_nOfM2_nOfCon2_dc200_159784623-configs-73;159784696;4971385215472880164
2022-11-10_13-54-28_sAEC1500_nOfM2_nOfCon2_dc200_159784623-configs-74;159784697;17462013905296159668
2022-11-10_13-54-28_sAEC1500_nOfM2_nOfCon2_dc200_159784623-configs-75;159784698;15780812452382104074
